text,category,category_id,thumb_cmc_pitch,thumb_cmc_yaw,index_mcp_pitch,middle_mcp_pitch,pinky_mcp_pitch,ring_mcp_pitch
把手张开至极限状态，五指完全伸直，大拇指往外侧展到最大。,Gesture_Open,0,255,255,255,255,255,255
把手张开到尽可能大，五根手指全部处于伸直状态，拇指向外侧拉至最大角度。,Gesture_Open,0,255,255,255,255,255,255
让五指全部伸直，手掌完全张开，拇指向外端的角度达到最大值。,Gesture_Open,0,255,255,255,255,255,255
手指全部伸直，手掌完全展开，拇指尽量外展到最大程度。,Gesture_Open,0,255,255,255,255,255,255
把手指都伸直，使手掌尽量张开，拇指朝外扩到最大角度。,Gesture_Open,0,255,255,255,255,255,255
让五指保持伸直，手掌张开到极限，拇指向外侧达到最大展角。,Gesture_Open,0,255,255,255,255,255,255
五根手指全部直立伸展，手掌完全展开，拇指向外侧最远位置。,Gesture_Open,0,255,255,255,255,255,255
请把手指全部伸直，手掌展平成扇形，拇指外展到最大角度。,Gesture_Open,0,255,255,255,255,255,255
五指完全伸直，手掌张开到极限，拇指向外延展至最大值。,Gesture_Open,0,255,255,255,255,255,255
让手指逐个伸直，整体张开到极限，拇指朝外到最大角度。,Gesture_Open,0,255,255,255,255,255,255
把手张成极开形，五指全都伸直，拇指向外侧的角度达到最大。,Gesture_Open,0,255,255,255,255,255,255
用力握成一个最紧的实心拳头，大拇指压在四指外面，且在食指上面。,Gesture_Fist,1,72,66,0,0,0,0
专注完成握拳任务，保持拳头紧实，指尖向内收拢即可。,Gesture_Fist,1,72,66,0,0,0,0
大拇指压在四指之外，置于食指上方，拳头要尽量紧实。,Gesture_Fist,1,72,66,0,0,0,0
把手握成最紧的拳头，手指全部紧贴，拇指放在外侧并略高于食指。,Gesture_Fist,1,72,66,0,0,0,0
将五指紧扣成拳，拇指放在外侧壳面，位于食指之上。,Gesture_Fist,1,72,66,0,0,0,0
以力握拳，指节收紧，拇指紧贴外侧并置于食指之上方。,Gesture_Fist,1,72,66,0,0,0,0
把手握成一个结实的拳头，拇指压在外面，位于食指之上方区域。,Gesture_Fist,1,72,66,0,0,0,0
用力握紧，指尖并拢成拳，拇指放在外侧并置于食指之上。,Gesture_Fist,1,72,66,0,0,0,0
拳头尽量紧实成型，拇指跨在外缘，覆盖在四指之上。,Gesture_Fist,1,72,66,0,0,0,0
让拳头达到最大紧实度，拇指压在外侧，位于食指之上方。,Gesture_Fist,1,72,66,0,0,0,0
五指并拢成拳，拇指在外圈压着并略高于食指位置。,Gesture_Fist,1,72,66,0,0,0,0
用力握成一个最紧的实心拳头，大拇指压在四指外面，且在食指和中指中间。,Gesture_Fist,1,74,0,0,0,0,0
聚焦完成一个紧实的握拳动作，确保拳头完全闭合，指尖与掌心处于稳定的受力状态。,Gesture_Fist,1,74,0,0,0,0,0
用力把手指收紧成拳，拇指压在四指外侧并置于食指与中指之间的位置。,Gesture_Fist,1,74,0,0,0,0,0
把手握成最紧的拳头，拇指坚持压在外侧，稳稳地夹在食指与中指之间。,Gesture_Fist,1,74,0,0,0,0,0
以最快速率收拢所有手指成拳，拇指放在外侧并压在食指与中指之间的区域。,Gesture_Fist,1,74,0,0,0,0,0
完成一个紧密的拳头，拇指固定在外侧，处于食指与中指的中间线附近。,Gesture_Fist,1,74,0,0,0,0,0
把手指全部弯曲成拳，拇指压在外缘，稳定地卡在食指和中指之间。,Gesture_Fist,1,74,0,0,0,0,0
以力道收紧拳头，拇指放在外侧并压在食指与中指的夹角处。,Gesture_Fist,1,74,0,0,0,0,0
握出一个紧致的拳头，拇指紧贴在外侧并处于食指与中指之间的空隙上方。,Gesture_Fist,1,74,0,0,0,0,0
让拳头达到最紧状态，拇指扣在外侧，恰好位于食指和中指之间的位置。,Gesture_Fist,1,74,0,0,0,0,0
将手指全部弯成拳状，拇指压在外侧，落在食指与中指之间的中线位置。,Gesture_Fist,1,74,0,0,0,0,0
手部完全放松，呈现自然下垂时的微曲状态。,Gesture_Open,0,250,250,250,250,250,250
目标放松，手指自然微曲并保持稳定，不做额外动作。,Gesture_Open,0,250,250,250,250,250,250
让食指、中指、无名指和小指保持轻微弯曲，拇指自然贴合掌心的位置。,Gesture_Open,0,250,250,250,250,250,250
保持手掌放松，指尖略微弯曲，整体呈自然垂落状态。,Gesture_Open,0,250,250,250,250,250,250
五根手指轻微弯曲，手掌自然下垂，未施加额外张力。,Gesture_Open,0,250,250,250,250,250,250
让手指和掌面以最放松的状态垂下，拇指自然贴近掌面，呈现微曲姿态。,Gesture_Open,0,250,250,250,250,250,250
把手放松到自然下垂，指节保持轻微弯曲，避免僵硬。,Gesture_Open,0,250,250,250,250,250,250
五指以自然的轻微弯曲落下，掌心朝向内侧，手部保持放松。,Gesture_Open,0,250,250,250,250,250,250
手完全放松并自然下垂，指关节呈现柔和的微曲曲线。,Gesture_Open,0,250,250,250,250,250,250
让手指以最放松的微曲状自然下垂，避免任何额外紧张。,Gesture_Open,0,250,250,250,250,250,250
保持手部放松，手指轻微内卷，掌心自然贴近腿部或桌面的自然姿态。,Gesture_Open,0,250,250,250,250,250,250
拇指侧摆自然打开，其他四指全部弯曲到底。,Single_Thumb,2,250,250,0,0,0,0
目标指向型：保持拇指自然打开，其余四指保持弯曲并接触掌心以完成抓取姿态。,Single_Thumb,2,250,250,0,0,0,0
目标指向型：拇指向外微张，其他四指全部蜷曲靠近掌心，形成稳固握物的姿态。,Single_Thumb,2,250,250,0,0,0,0
目标导向型：保持拇指张开，四根手指全弯曲至最大限度以包裹目标物。,Single_Thumb,2,250,250,0,0,0,0
目标导向型：拇指保持自然外展，其他四指完全屈曲以实现对目标物的稳定抓取。,Single_Thumb,2,250,250,0,0,0,0
动作分解型：拇指在侧向略微张开，其余四指向掌心方向弯曲直到抵达关节位置。,Single_Thumb,2,250,250,0,0,0,0
动作分解型：拇指向外张开，食中无名小拇指四指全部向内弯曲到全屈状态。,Single_Thumb,2,250,250,0,0,0,0
动作分解型：拇指保持打开，拇指以外的四指逐根弯曲至接近全屈以完成夹取。,Single_Thumb,2,250,250,0,0,0,0
日常口语型：把拇指往旁边张开点，剩下的四根手指全部往里弯就行了。,Single_Thumb,2,250,250,0,0,0,0
日常口语型：拇指自然张开，另外四指都折进来，像要把东西抱起来的样子。,Single_Thumb,2,250,250,0,0,0,0
拟人/比喻型：拇指像开了一扇小门，其它四指像被关紧的门闩，彼此协作完成抓握。,Single_Thumb,2,250,250,0,0,0,0
拇指往掌心方向侧摆完全收拢并完全弯曲，另外四根手指完全伸直。,Single_Thumb,2,0,0,255,255,255,255
将拇指往掌心方向收拢并完全弯曲，其余四指保持直立。,Single_Thumb,2,0,0,255,255,255,255
拇指向掌心方向侧摆并完全弯曲，其它四指保持伸直状态。,Single_Thumb,2,0,0,255,255,255,255
把拇指朝掌心方向紧贴并完全屈曲，其余四指全部伸直。,Single_Thumb,2,0,0,255,255,255,255
让拇指向掌心收拢并完全弯曲，另外四根手指保持直线张开。,Single_Thumb,2,0,0,255,255,255,255
拇指向掌心方向收紧并完全屈曲，四指保持完全伸直。,Single_Thumb,2,0,0,255,255,255,255
把拇指往掌心方向偏向并完全折弯，其余四指直立且伸展。,Single_Thumb,2,0,0,255,255,255,255
拇指朝掌心方向侧向收拢并完全弯曲，其他四指保持伸直状态。,Single_Thumb,2,0,0,255,255,255,255
让拇指往掌心那边靠拢并完全弯曲，另外四指保持伸直不变。,Single_Thumb,2,0,0,255,255,255,255
拇指向掌心方向侧摆并完全屈曲，其余四指保持笔直展开。,Single_Thumb,2,0,0,255,255,255,255
把拇指朝掌心方向收拢并完全弯曲，四指保持全伸直的姿态。,Single_Thumb,2,0,0,255,255,255,255
除了大拇指保持张开外，食指、中指、无名指和小指全部收缩握拳。,Single_Thumb,2,250,250,0,0,0,0
目标是完成抓取任务，保持大拇指张开，其余四指收拢成拳头，以便稳固抓取对象。,Single_Thumb,2,250,250,0,0,0,0
除了拇指保持张开，其它四指逐步收拢，形成拳态以对目标物进行稳固握持。,Single_Thumb,2,250,250,0,0,0,0
请确保拇指保持张开，其它四指合拢成拳，完成对目标物的抓取。,Single_Thumb,2,250,250,0,0,0,0
拇指保持张开，食指、中指、无名指和小指全部向掌心方向弯曲并握成拳头，以实现稳固抓取。,Single_Thumb,2,250,250,0,0,0,0
在抓取时，拇指保持伸展，其余四指弯曲并合拢成拳头，确保对物体的控制。,Single_Thumb,2,250,250,0,0,0,0
请让拇指保持张开状态，其他指头全部收缩成拳，以便抓取目标。,Single_Thumb,2,250,250,0,0,0,0
目标指令：拇指不收拢，保持张开，食指、中指、无名指、小指整体握拳。,Single_Thumb,2,250,250,0,0,0,0
执行时，让拇指保持张开，其他四指连同成拳，以实现牢固的抓握。,Single_Thumb,2,250,250,0,0,0,0
保持拇指张开，其余指头全部进入拳状以完成对目标的握持。,Single_Thumb,2,250,250,0,0,0,0
拇指维持张开，另外四根手指整体收拢成拳头，完成对物体的稳定握取。,Single_Thumb,2,250,250,0,0,0,0
所有关节复位到最原始的自然张开状态。,Gesture_Open,0,250,250,250,250,250,250
将所有关节恢复到自然放松、未受力的状态，不强调具体动作。,Gesture_Open,0,250,250,250,250,250,250
把手的各关节逐步调整回最初的自然张开程度，保持放松。,Gesture_Open,0,250,250,250,250,250,250
所有手指的关节回到原本的自然张开角度，像刚拿起东西前的状态一样。,Gesture_Open,0,250,250,250,250,250,250
让手指和掌部的各关节恢复到最初的自然张开姿态，不要用力。,Gesture_Open,0,250,250,250,250,250,250
把所有关节都放回到最自然的空张状态，维持放松感。,Gesture_Open,0,250,250,250,250,250,250
让手指的各关节回到最初的自然开合程度，避免过度收拢或张展。,Gesture_Open,0,250,250,250,250,250,250
请将手掌的所有关节调整回自然的开阔状态。,Gesture_Open,0,250,250,250,250,250,250
把手指的每一个关节恢复到最初的自然张开范围，保持放松。,Gesture_Open,0,250,250,250,250,250,250
使所有关节回到最自然的未受限张开形态，别让手指僵硬。,Gesture_Open,0,250,250,250,250,250,250
让手指所有关节恢复到最原始的自然开张状态，保持轻松。,Gesture_Open,0,250,250,250,250,250,250
手指全部呈现半弯曲状态，像一个放松的爪子。,Extent_Half,3,90,154,170,170,170,170
将手指保持半弯的放松状态，像一个轻松的抓握准备姿态。,Extent_Half,3,90,154,170,170,170,170
所有手指以半弯曲的角度呈现，像一只放松的抓握爪。,Extent_Half,3,90,154,170,170,170,170
把手指都维持在半弯的位置，像在随时准备接触但不紧握的状态。,Extent_Half,3,90,154,170,170,170,170
让指节处于半弯曲，给人一副随意、放松的抓取姿态。,Extent_Half,3,90,154,170,170,170,170
指尖保持半弯，整体像一只温柔的、未完全收拢的爪形。,Extent_Half,3,90,154,170,170,170,170
让每根手指都处于半弯曲，仿佛正在温柔地等待下一步动作。,Extent_Half,3,90,154,170,170,170,170
保持半弯的指形，看起来像一只轻松的爪子准备触碰。,Extent_Half,3,90,154,170,170,170,170
手指以半曲度排列，呈现出放松的抓握预备状态。,Extent_Half,3,90,154,170,170,170,170
让指间轻微弯曲，整体像一只不紧绷的爪子。,Extent_Half,3,90,154,170,170,170,170
所有手指都维持半弯，呈现自然、放松的抓取初态。,Extent_Half,3,90,154,170,170,170,170
慢慢收拢所有手指，做成一个内部有空间的空心拳头。,Power_Cylinder,4,33,255,29,32,30,29
目标是让拳头收拢成一个内部留有空间的形态，确保外部看起来像一个空心的拳头。,Power_Cylinder,4,33,255,29,32,30,29
将所有手指逐步弯曲并靠拢，形成一个内部中空的拳头结构。,Power_Cylinder,4,33,255,29,32,30,29
让手指逐渐合拢，但拳头内部留出一定的空腔，以示空心状态。,Power_Cylinder,4,33,255,29,32,30,29
让全指收拢成一个内部有空隙的拳头，强调内部空间感而非指尖紧贴。,Power_Cylinder,4,33,255,29,32,30,29
使五指逐步收紧，拳头内部留出空间，呈现空心轮廓。,Power_Cylinder,4,33,255,29,32,30,29
慢慢把每根手指往内弯曲，直到拳头看起来像一个内部有空间的空心形态。,Power_Cylinder,4,33,255,29,32,30,29
所有指节逐步收拢，形成一个内部留有空腔的拳头轮廓，不要指尖紧贴。,Power_Cylinder,4,33,255,29,32,30,29
让手指依次向内收缩，拳头内部留出可见的空心区域。,Power_Cylinder,4,33,255,29,32,30,29
用顺滑的动作把指头收拢，拳头内部出现空腔，外观仍是紧凑的握拳。,Power_Cylinder,4,33,255,29,32,30,29
慢慢把手指收紧，拳头内部留出一个空的空间，好像里面有个小空腔在呼吸。,Power_Cylinder,4,33,255,29,32,30,29
四根手指自然伸直，大拇指以最大角度往手心正前方侧摆。,Single_Thumb,2,250,0,250,250,250,250
目标是完成抓取/放置任务，保持四指自然伸直，拇指向前侧摆至最大角度以确保对目标的接触与控制。,Single_Thumb,2,250,0,250,250,250,250
将上四指保持自然伸直，拇指向手掌正前方偏外最大角度展开，以稳定指向目标物体。,Single_Thumb,2,250,0,250,250,250,250
四根手指保持直立状态，拇指朝向手掌前方并向外最大幅度旋转，便于抓取。,Single_Thumb,2,250,0,250,250,250,250
让四指保持自然伸直，拇指以最大的角度向前侧摆出以提高抓取力。,Single_Thumb,2,250,0,250,250,250,250
四指保持放松伸直，拇指朝前侧最大角度展出，确保能顺利接触目标。,Single_Thumb,2,250,0,250,250,250,250
把四指保持直立，拇指向前方偏外最大角度展开，帮助锁定目标。,Single_Thumb,2,250,0,250,250,250,250
四指自然伸直，拇指以最大角度向手掌前方外侧扭转，以增强支撑。,Single_Thumb,2,250,0,250,250,250,250
四指直立展开，拇指向前侧以最大角度张开，便于定位与夹持。,Single_Thumb,2,250,0,250,250,250,250
让四指保持伸直，拇指尽量向前侧外扩至最大角度，以确保稳固接触。,Single_Thumb,2,250,0,250,250,250,250
四指自然伸直，拇指朝前方外侧最大角度摆出，以实现精准握持姿态。,Single_Thumb,2,250,0,250,250,250,250
大拇指完全伸直并侧展，食指到小指只弯曲第一和第二指节，呈直角。,Extent_Half,3,250,250,32,32,32,31
目标是完成抓取任务，保持大拇指伸直并侧展，其他手指保持稳定以便握取。,Extent_Half,3,250,250,32,32,32,31
大拇指完全伸直并向外偏开，其余四指仅在第一和第二指节处弯曲，第三、第四指节保持伸直或轻微直立。,Extent_Half,3,250,250,32,32,32,31
聚焦于将物体夹持成功，大拇指要伸直并侧向张开，食指到小指仅在前两指节弯曲。,Extent_Half,3,250,250,32,32,32,31
让抓取动作准确执行：大拇指直线伸展并向外翻开，食指至小指在第一和第二指节形成弯曲，保持其余部分不变。,Extent_Half,3,250,250,32,32,32,31
把握目标物体的夹持点，拇指完全伸直并横向展開，食指到小指仅在第一、二指节形成弯曲。,Extent_Half,3,250,250,32,32,32,31
以实现稳定抓取为重点，大拇指保持直线伸展并侧展，其他四指仅在前两指节弯曲。,Extent_Half,3,250,250,32,32,32,31
为达到握持姿态，拇指要完全伸直并向一侧展开，食指到小指在第一和第二指节呈直角弯曲。,Extent_Half,3,250,250,32,32,32,31
聚焦于定位与夹持，大拇指直伸并横向展开，其余指头仅在前两节弯曲成角度。,Extent_Half,3,250,250,32,32,32,31
在不改变握力的前提下，拇指完全伸直并向外侧展开，食指至小指的第一、二指节保持弯曲。,Extent_Half,3,250,250,32,32,32,31
目标姿态：拇指保持完全伸直并侧展，食指到小指仅在第一和第二指节弯曲，第三、四指保持直立或微张开。,Extent_Half,3,250,250,32,32,32,31
食指和中指完全伸直，无名指、小指和大拇指全部完全弯曲收起来。,Gesture_Social,5,0,250,255,255,0,0
聚焦完成任务的状态，让食指和中指保持完全伸直，其他三指收起。,Gesture_Social,5,0,250,255,255,0,0
将食指与中指保持直立态势，其他三指弯曲并收起来，抓取就位。,Gesture_Social,5,0,250,255,255,0,0
目标是让食指和中指处于完全伸展的姿态，剩下三指全部弯曲隐藏起来。,Gesture_Social,5,0,250,255,255,0,0
以完成抓取为目标，食指和中指保持直线，其余三指合拢弯曲。,Gesture_Social,5,0,250,255,255,0,0
让食指与中指呈现伸直状态，另外三指完全弯曲并收回。,Gesture_Social,5,0,250,255,255,0,0
把焦点放在任务完成上，食指与中指保持伸展，其他三指收起不参与。,Gesture_Social,5,0,250,255,255,0,0
食指和中指直立伸展，其他三指弯曲并全部收回到手掌内。,Gesture_Social,5,0,250,255,255,0,0
目标姿态是食指和中指伸直，其余三指处于完全弯曲并隐藏的状态。,Gesture_Social,5,0,250,255,255,0,0
把手指状态定在任务完成，食指和中指直线伸展，其他三指折叠收起。,Gesture_Social,5,0,250,255,255,0,0
以完成抓取为目标，食指与中指保持伸直，剩下三指完全弯曲并收纳起来。,Gesture_Social,5,0,250,255,255,0,0
食指、中指和无名指完全伸直，小指和大拇指完全弯曲。,Gesture_Social,5,0,250,255,255,255,0
目标是完成抓取任务，保持手指的整体张开度与物体状态相匹配，不强调具体手指名称。,Gesture_Social,5,0,250,255,255,255,0
将示指、次指和无名指保持伸直，其它两根手指按照具体抓取需求进行适度卷曲，确保稳固抓取。,Gesture_Social,5,0,250,255,255,255,0
抓取目标已经就位，请将指尖保持直立，其他指头根据需要进行收放以实现稳抓。,Gesture_Social,5,0,250,255,255,255,0
像拿取一个小物件一样，让食指、中指、无名指保持伸直，大拇指和小指按抓取需求自然弯曲。,Gesture_Social,5,0,250,255,255,255,0
手指需要形成对物件的稳定接触线，前三指直立，后两指按任务需要弯曲以适应抓握。,Gesture_Social,5,0,250,255,255,255,0
用手指的分工来完成动作：指示三根手指保持伸直，另外两根按情境弯曲以实现稳固抓握。,Gesture_Social,5,0,250,255,255,255,0
把目标物体稳稳抓起，食指、再指、无名指保持伸直，小拇指和拇指适度弯曲以包裹物体。,Gesture_Social,5,0,250,255,255,255,0
三根指定指保持挺直，另一对指按需要收弯，完成对目标的稳固抓取。,Gesture_Social,5,0,250,255,255,255,0
进行抓取前把食指、末指和中指拉直，其余两指按照抓物需求进行轻度弯曲以贴合形状。,Gesture_Social,5,0,250,255,255,255,0
为了顺利拿起目标，前三指保持直线状态，后两指以柔和弯曲形成包覆感，便于控制。,Gesture_Social,5,0,250,255,255,255,0
把除了食指之外的所有手指都紧紧握起来。,Single_Index,6,0,250,250,0,0,0
目标是完成抓取任务，把目标物体保持稳定，其他手指紧贴合拢。,Single_Index,6,0,250,250,0,0,0
将中指、无名指、小指和拇指的关节全部弯曲并收拢成合拢状态，保持对目标的抓取。,Single_Index,6,0,250,250,0,0,0
把除了食指之外的手指紧紧握紧，以确保能稳定夹持对象。,Single_Index,6,0,250,250,0,0,0
将拇指、食指以外的全部手指都向掌心方向弯曲并握紧，形成稳固的抓握。,Single_Index,6,0,250,250,0,0,0
用力合拢除食指以外的四根手指，确保对目标物体有稳固的抓取力。,Single_Index,6,0,250,250,0,0,0
其他四指都处于紧握状态，只有食指保持相对放松以便定位对象。,Single_Index,6,0,250,250,0,0,0
把除食指外的手指全部弯曲并挤紧，确保牢牢抓住物体。,Single_Index,6,0,250,250,0,0,0
将拇指之外的指法收拢成紧握姿态，以实现对目标的稳定夹持。,Single_Index,6,0,250,250,0,0,0
让除食指外的四根手指全部卷曲并紧贴掌心，形成强力抓取。,Single_Index,6,0,250,250,0,0,0
除了食指，其余手指全部紧紧握起，准备稳固地夹取对象。,Single_Index,6,0,250,250,0,0,0
仅仅大拇指保持不动，另外四根手指完全弯曲。,Single_Thumb,2,250,250,0,0,0,0
目标是抓取时保持稳定，其他四指全部弯曲以锁定物体位置。,Single_Thumb,2,250,250,0,0,0,0
遵循任务目标，四指全屈，拇指保持原位以维持抓取力。,Single_Thumb,2,250,250,0,0,0,0
去完成抓取任务，四根手指完全弯曲，拇指保持不动。,Single_Thumb,2,250,250,0,0,0,0
把抓取目标固定住，除了拇指，其他四指全都弯成90度或更大弯曲。,Single_Thumb,2,250,250,0,0,0,0
以完成任务为导向，四指全屈，拇指保持原始角度不变。,Single_Thumb,2,250,250,0,0,0,0
为了实现抓取，请让四根手指全部弯曲，拇指保持不动的位置。,Single_Thumb,2,250,250,0,0,0,0
工作指令：四指弯曲成握拳状，拇指保持当前位置不变。,Single_Thumb,2,250,250,0,0,0,0
让抓取稳定下来，四指全部屈曲，拇指保持不动的姿态。,Single_Thumb,2,250,250,0,0,0,0
围绕目标抓取的需求，四指完全弯曲，拇指维持原来的角度。,Single_Thumb,2,250,250,0,0,0,0
在不改变拇指位置的前提下，让其他四指全部弯曲以完成抓取动作。,Single_Thumb,2,250,250,0,0,0,0
大拇指和食指完全伸直，其余三指紧贴掌心。,Gesture_Social,5,255,250,255,0,0,0
Focus on the task: 展开大拇指和食指，使其完全伸直，其它三指保持贴合掌心。,Gesture_Social,5,255,250,255,0,0,0
将拇指和食指伸直到最大角度，其他三指维持贴合掌心的姿势。,Gesture_Social,5,255,250,255,0,0,0
让大拇指和食指完全伸直，其余三指紧贴掌心，完成指尖对准的姿势。,Gesture_Social,5,255,250,255,0,0,0
将拇指与食指拉直至直线，其余三指贴合掌心不分离。,Gesture_Social,5,255,250,255,0,0,0
把大拇指和食指拉直成一直线，其它三指保持贴靠掌心的形态。,Gesture_Social,5,255,250,255,0,0,0
拇指和食指完全伸直，剩下的三根手指紧贴掌心，保持稳固握态。,Gesture_Social,5,255,250,255,0,0,0
让大拇指与食指伸直成直线，其他三指紧贴掌心，不要抬起。,Gesture_Social,5,255,250,255,0,0,0
大拇指和食指伸展直线，其余三指贴合掌心，保持紧凑配置。,Gesture_Social,5,255,250,255,0,0,0
保持拇指和食指完全伸直，其它三指紧贴掌心，形成三指并拢的姿势。,Gesture_Social,5,255,250,255,0,0,0
让拇指与食指伸直成直线，剩余三指贴紧掌心，呈现简洁的握持态。,Gesture_Social,5,255,250,255,0,0,0
所有手指稍微往回缩一点，呈现要抓东西前的预备姿势。,Extent_Slight,7,85,180,177,185,181,169
把拳头稍微松开一点点，不要攥得那么死。,Extent_Slight,7,46,183,0,0,0,0
让拳头稍微放松，不要紧握得太紧。,Extent_Slight,7,46,183,0,0,0,0
放松拳头一点点，保持松散但仍有握紧的姿态。,Extent_Slight,7,46,183,0,0,0,0
请把握力降到轻微放松的程度，拳头不要死死攥着。,Extent_Slight,7,46,183,0,0,0,0
让拳头的紧绷感减弱一些，但仍保持对物体的控制。,Extent_Slight,7,46,183,0,0,0,0
指示拳头轻微放松，不要完全松开，但不要再用力攥紧。,Extent_Slight,7,46,183,0,0,0,0
把握的紧张度降低到一个轻松的状态，拳头不要太紧。,Extent_Slight,7,46,183,0,0,0,0
不要再用力捏紧拳头，稍微放开一点点即可。,Extent_Slight,7,46,183,0,0,0,0
将拳头从死握状态转换为轻微的松弛，避免用力过猛。,Extent_Slight,7,46,183,0,0,0,0
让拳头保持柔和的握力，稍微放松但仍具备抓取能力。,Extent_Slight,7,46,183,0,0,0,0
把拳头轻轻放松，避免强力攥紧的姿态，但不要完全张开。,Extent_Slight,7,46,183,0,0,0,0
完全张开手掌，但大拇指的关节微微往回扣一点。,Extent_Slight,7,255,153,255,255,255,255
把手掌完全张开，但大拇指的关节微微往回扣一点，其他指尖保持伸直。,Extent_Slight,7,255,153,255,255,255,255
把手摊开成大平板形状，拇指关节轻微内扣，其它四指保持伸直状态。,Extent_Slight,7,255,153,255,255,255,255
完全展开手掌，同时让大拇指的关节略微往里扣，保持其余指头伸直。,Extent_Slight,7,255,153,255,255,255,255
手掌完全张开，拇指关节向回扣一点点，其余指节一律直立。,Extent_Slight,7,255,153,255,255,255,255
把手展平成扇形，大拇指关节稍微往后扣，剩余指头全部伸直。,Extent_Slight,7,255,153,255,255,255,255
将手掌完全伸展，拇指的关节轻轻往回扣，其他手指保持直线张开。,Extent_Slight,7,255,153,255,255,255,255
手掌完全张开，拇指关节微微内扣，另外四指保持伸直姿态。,Extent_Slight,7,255,153,255,255,255,255
把手指完全张开，拇指关节轻微向内折回，其他指头保持展直状态。,Extent_Slight,7,255,153,255,255,255,255
手掌展开成平整状态，拇指关节向内回扣一点点，其他四指直立。,Extent_Slight,7,255,153,255,255,255,255
完全把手摊开来，拇指的关节略微往后扣，剩下的手指保持完全伸直。,Extent_Slight,7,255,153,255,255,255,255
像死机了一样，手部保持一个不发力的虚弱半开状态。,Extent_Half,3,105,153,133,134,132,140
目标是在不使用力量的前提下完成抓取准备，将物体保持在可控的姿态状态。,Extent_Half,3,105,153,133,134,132,140
让食指、中指和无名指保持轻微弯曲，其余手指保持放松的中性位置，完成任务即可。,Extent_Half,3,105,153,133,134,132,140
把手保持在放松半张开的状态，重点是让手部稳定地接触到目标物体而不施加力量。,Extent_Half,3,105,153,133,134,132,140
以无力、半张的状态接触目标物体，确保手指仅做被动跟随，不主动用力。,Extent_Half,3,105,153,133,134,132,140
像是按下暂停键一样，手部维持自然的、无力的开放-半开姿态，目标物体保持在握取边缘。,Extent_Half,3,105,153,133,134,132,140
把大拇指与指甲处于自然放松的角度，其余四指微微弯曲，整体呈虚弱的半开态。,Extent_Half,3,105,153,133,134,132,140
使用日常生活中的轻触状态，让手指以最小阻力贴合目标物体，且不产生力量。,Extent_Half,3,105,153,133,134,132,140
让手掌形成一个柔和、松弛的半开形态，好像在等待下一步指令一样。,Extent_Half,3,105,153,133,134,132,140
将每根手指都放松至最自然的位置，避免收紧，确保与目标物体的接触仅是被动接触。,Extent_Half,3,105,153,133,134,132,140
像设备进入低功耗模式那样，手部维持虚弱半开的姿态，不对物体施加额外的拉扯或挤压。,Extent_Half,3,105,153,133,134,132,140
大拇指侧摆到正前方，指腹和食指指腹精准对捏。,Precision_Pinch_2,8,87,83,121,250,250,250
将拇指朝前方伸展，对指腹和食指指腹进行精准的捏合操作。,Precision_Pinch_2,8,87,83,121,250,250,250
拇指向前，其他手指保持自然，只有拇指指腹与食指指腹完成对捏。,Precision_Pinch_2,8,87,83,121,250,250,250
让拇指在正前方的位置，指腹面与食指指腹面紧密接触进行捏合。,Precision_Pinch_2,8,87,83,121,250,250,250
把拇指放在正前方，食指与拇指的指腹精准地压合在一起。,Precision_Pinch_2,8,87,83,121,250,250,250
将拇指朝前摆放，食指和拇指的指腹准确对触，完成对捏。,Precision_Pinch_2,8,87,83,121,250,250,250
拇指向前伸展，指腹对指腹实现精确的对捏动作。,Precision_Pinch_2,8,87,83,121,250,250,250
让拇指朝前，食指的指腹与拇指指腹精确地相碰成对捏。,Precision_Pinch_2,8,87,83,121,250,250,250
拇指向前定位，指腹与食指指腹在同一平面上精准接触并捏合。,Precision_Pinch_2,8,87,83,121,250,250,250
拇指朝前摆出一个前方点，食指与拇指的指腹对齐并捏合。,Precision_Pinch_2,8,87,83,121,250,250,250
将拇指置于前方，食指指腹与拇指指腹重复精准对捏的动作。,Precision_Pinch_2,8,87,83,121,250,250,250
大拇指侧摆，和食指、中指的三根指尖捏在一起。,Precision_Pinch_3,9,87,42,117,110,250,250
将拇指侧向外摆动，并将拇指尖与食指、中指的三根指尖靠拢触碰。,Precision_Pinch_3,9,87,42,117,110,250,250
把大拇指靠向侧面，指尖与食指和中指的三根指尖紧密捏合。,Precision_Pinch_3,9,87,42,117,110,250,250
拇指在侧向位置，食指和中指的三根指尖并排捏在一起。,Precision_Pinch_3,9,87,42,117,110,250,250
让大拇指偏向一侧，与食指和中指的三指尖形成一个小夹点并挤紧。,Precision_Pinch_3,9,87,42,117,110,250,250
将拇指向侧伸出，同时让食指与中指的前三指尖聚拢成一团。,Precision_Pinch_3,9,87,42,117,110,250,250
拇指向外侧偏位，三根指尖（食指与中指）的尖端相互贴合成为一个点。,Precision_Pinch_3,9,87,42,117,110,250,250
让拇指偏离中线，食指和中指的三指尖紧密地聚拢触碰。,Precision_Pinch_3,9,87,42,117,110,250,250
大拇指在侧面位置，与食指和中指的前三指尖合并为同一个捏合点。,Precision_Pinch_3,9,87,42,117,110,250,250
拇指侧摆，同时把食指和中指的三根指尖压紧成一个小圆点。,Precision_Pinch_3,9,87,42,117,110,250,250
让大拇指偏向侧面，食指与中指的三根指尖紧密相扣在一起。,Precision_Pinch_3,9,87,42,117,110,250,250
大拇指和中指对捏，其他手指自然张开。,Single_Middle,10,100,0,250,115,250,250
目标是夹持目标物体，保持大拇指和中指之间的夹持力，其它手指保持自然张开即可。,Single_Middle,10,100,0,250,115,250,250
只需要用大拇指和中指形成夹持点，其他三指保持放松并自然张开。,Single_Middle,10,100,0,250,115,250,250
用拇指和中指夹住目标物体，其余手指保持放松状态。,Single_Middle,10,100,0,250,115,250,250
让大拇指与中指夹合，其他三根手指保持自然伸展的姿态。,Single_Middle,10,100,0,250,115,250,250
以拇指和中指为夹点完成抓取，其他手指维持自然张开，不参与夹持。,Single_Middle,10,100,0,250,115,250,250
大拇指和中指做夹压动作，剩下的指头保持放松并向外侧自然张开。,Single_Middle,10,100,0,250,115,250,250
用拇指与中指的夹持来定位物件，其他手指保持松弛、自然张开。,Single_Middle,10,100,0,250,115,250,250
将大拇指与中指并拢成夹持姿态，其他指头保持自然直立或轻微张开。,Single_Middle,10,100,0,250,115,250,250
以拇指和中指夹取为重点，其他三指保持自然打开状态。,Single_Middle,10,100,0,250,115,250,250
让大拇指和中指相互对捏，剩下的指头自然张开，维持放松,Single_Middle,10,100,0,250,115,250,250
食指弯曲，大拇指贴在食指的侧面，做侧边捏合（像拿钥匙）。,Precision_Lateral,11,59,158,94,250,250,250
将目标对象握在指尖捏握的状态完成，聚焦于完成抓取任务本身的姿态。,Precision_Lateral,11,59,158,94,250,250,250
食指保持弯曲，拇指贴在食指侧面，执行一个侧向捏合的动作以夹住物品。,Precision_Lateral,11,59,158,94,250,250,250
用食指轻微弯曲，拇指贴靠指侧，完成对小物体的横向捏握。,Precision_Lateral,11,59,158,94,250,250,250
将食指弯曲，拇指沿食指侧面贴合，形成稳固的侧向夹持姿势以抓取物体。,Precision_Lateral,11,59,158,94,250,250,250
用食指作弯曲动作，拇指贴近其边缘，进行从侧面压挤的握持。,Precision_Lateral,11,59,158,94,250,250,250
让食指保持弯曲，拇指靠在食指一侧，执行像拿钥匙一样的侧向夹持。,Precision_Lateral,11,59,158,94,250,250,250
食指向内弯曲，拇指贴在食指的外侧边缘，进行横向捏合以抓握目标。,Precision_Lateral,11,59,158,94,250,250,250
食指微弯，拇指贴着食指的侧面，完成一个侧向的捏握动作来固定物体。,Precision_Lateral,11,59,158,94,250,250,250
将食指弯曲并保持，拇指贴在指侧，形成钥匙扣状的侧向夹持姿势。,Precision_Lateral,11,59,158,94,250,250,250
用食指做轻弯，拇指贴附在其侧面，执行把物体从侧边捏握的动作。,Precision_Lateral,11,59,158,94,250,250,250
用大拇指和食指轻轻捏住一根细针。,Precision_Pinch_2,8,99,79,119,250,250,250
Focus on the goal: 稳稳捏住细针，确保针尖不滑出。,Precision_Pinch_2,8,99,79,119,250,250,250
用大拇指和食指的指腹轻轻夹住针身的中部，保持夹持稳定。,Precision_Pinch_2,8,99,79,119,250,250,250
用大拇指指腹和食指指腹夹紧针的细长部分，确保不松动。,Precision_Pinch_2,8,99,79,119,250,250,250
以拇指和食指的对位点 mors 夹紧针的中段，保持稳定夹持。,Precision_Pinch_2,8,99,79,119,250,250,250
用日常口语描述：用拇指和食指轻轻夹住那根很细的针，别让它滑。,Precision_Pinch_2,8,99,79,119,250,250,250
Colloquial: 拿针的时候，大拇指和食指轻轻拢住针身，别掉。,Precision_Pinch_2,8,99,79,119,250,250,250
Metaphorical: 就像捏住一根细丝线般，用拇指和食指轻轻扣住针身中央。,Precision_Pinch_2,8,99,79,119,250,250,250
Metaphorical: 用拇指和食指把针当作细小的珍宝轻轻夹住，确保不松手。,Precision_Pinch_2,8,99,79,119,250,250,250
Noisy: 先找准重心，用大拇指和食指轻轻挤压针的中段，其他手指保持放松，周围桌面也要干净。,Precision_Pinch_2,8,99,79,119,250,250,250
Noisy: 把细针用大拇指和食指轻轻捏住，像捏住一根细小的笔尖，确保夹持位置在中段，避免滑动。,Precision_Pinch_2,8,99,79,119,250,250,250
拇指和食指捏合在一起，其他三根手指往手背方向用力翘起。,Precision_Pinch_2,8,99,79,117,255,255,255
目标是完成一个夹持动作，拇指和食指形成夹持状态，其他三根手指保持抬起并向手背方向用力。,Precision_Pinch_2,8,99,79,117,255,255,255
拇指与食指紧扣成夹持，两根手指保持弯曲，其余三根手指向上翘起，朝向手背方向用力。,Precision_Pinch_2,8,99,79,117,255,255,255
以夹持物体为目标，拇指和食指贴合，剩余三指直立并向后抬起，向手背方向施力。,Precision_Pinch_2,8,99,79,117,255,255,255
实现夹持姿势：拇指和食指贴合成一线，其它三指伸直并向背部方向用力抬起。,Precision_Pinch_2,8,99,79,117,255,255,255
目标动作为夹持，拇指与食指紧扣，其余三指向上翘起并向手背方向施力。,Precision_Pinch_2,8,99,79,117,255,255,255
手掌保持夹持状态，拇指和食指紧贴，其余三指抬起向后方用力靠背。,Precision_Pinch_2,8,99,79,117,255,255,255
完成夹合动作，拇指与食指贴合成夹，另外三指向上抬并向手背方向施压。,Precision_Pinch_2,8,99,79,117,255,255,255
以夹取为目的，拇指与食指紧扣，其他三指保持伸直并向背部方向用力。,Precision_Pinch_2,8,99,79,117,255,255,255
实现捏合目标，拇指与食指紧抓，剩下的三根手指向上抬起并朝向手背方向发力。,Precision_Pinch_2,8,99,79,117,255,255,255
对准夹持姿态：拇指和食指贴合，另外三指向上抬起并朝手背方向用力伸展。,Precision_Pinch_2,8,99,79,117,255,255,255
模拟手里正捏着一张非常薄的A4纸。,Precision_Pinch_2,8,99,79,117,116,125,135
目标是把手中的薄纸保持稳固，完成对薄纸的稳定控制动作。,Precision_Pinch_2,8,99,79,117,116,125,135
手指需要按需收紧与放松，确保薄纸不被挤压或滑落，同时维持姿态。,Precision_Pinch_2,8,99,79,117,116,125,135
把握住纸张的边缘，让它保持被夹持的状态，完成纸张的稳定抓握。,Precision_Pinch_2,8,99,79,117,116,125,135
让拇指和食指贴合中部，其他三指适度弯曲以支撑薄纸的重量与张力。,Precision_Pinch_2,8,99,79,117,116,125,135
以薄纸为目标物，控制抓握力度，使纸张在不破损的情况下保持被握。,Precision_Pinch_2,8,99,79,117,116,125,135
用拇指、食指和中指的指腹处紧贴纸面，药状保持点压和稳定的姿态。,Precision_Pinch_2,8,99,79,117,116,125,135
将纸张夹持在指尖之间，确保纸面水平且不翘起，避免滑动。,Precision_Pinch_2,8,99,79,117,116,125,135
把纸张维持在一个稳固的夹持姿态，确保厚度极薄的A4纸不被挤曲。,Precision_Pinch_2,8,99,79,117,116,125,135
聚焦于纸张的状态，保持它不滚动、不过度皱折，达到稳固抓取的目标。,Precision_Pinch_2,8,99,79,117,116,125,135
保持对薄纸的控制，手指在不影响纸张完整性的前提下实现稳固夹持。,Precision_Pinch_2,8,99,79,117,116,125,135
用大拇指和食指夹住一张银行卡的边缘。,Precision_Pinch_2,8,92,77,118,250,250,250
目标是夹住银行卡边缘完成抓取任务，保持卡片边缘被夹住的状态。,Precision_Pinch_2,8,92,77,118,250,250,250
用大拇指和食指弯曲并贴合，固定银行卡边缘的位置以便提起。,Precision_Pinch_2,8,92,77,118,250,250,250
把银行卡边缘夹住后，做起手指的协同动作以稳稳抓取。,Precision_Pinch_2,8,92,77,118,250,250,250
像夹取一个薄边对象一样，用大拇指和食指对准银行卡边缘进行夹持。,Precision_Pinch_2,8,92,77,118,250,250,250
把银行卡边缘夹紧，确保卡片不会滑落，然后开始抬起。,Precision_Pinch_2,8,92,77,118,250,250,250
大拇指和食指按需收放，专注于边缘处的夹持点，完成抓取。,Precision_Pinch_2,8,92,77,118,250,250,250
用日常动作就像捏住薄纸边缘一样，夹住银行卡边缘即可。,Precision_Pinch_2,8,92,77,118,250,250,250
将大拇指与食指收拢成夹持姿势，锁定银行卡边缘，准备提起。,Precision_Pinch_2,8,92,77,118,250,250,250
手指伸展到合适的位置，夹住银行卡边缘，确保稳定的抓取力。,Precision_Pinch_2,8,92,77,118,250,250,250
用两指尖对准卡边，轻轻夹紧银行卡边缘，保持夹持稳定后抬起。,Precision_Pinch_2,8,92,77,118,250,250,250
拇指与食指呈C型张开，准备捏取一个乒乓球。,Precision_Pinch_2,8,136,77,136,250,250,250
目标是在不指定手指细节的前提下完成捏取乒乓球的任务，确保球体被稳固抓取。,Precision_Pinch_2,8,136,77,136,250,250,250
实现抓取目标，拇指和食指形成C型以夹持球体，保持准备状态即可。,Precision_Pinch_2,8,136,77,136,250,250,250
把球固定在手中，准备将其夹紧并提升。,Precision_Pinch_2,8,136,77,136,250,250,250
以轻微夹持的姿态让球被夹住，确保抓取准备就绪。,Precision_Pinch_2,8,136,77,136,250,250,250
用C型夹持姿态稳定捏取并提起乒乓球，关注抓取结束的稳定性。,Precision_Pinch_2,8,136,77,136,250,250,250
拇指和食指配合形成弧形，目标是把乒乓球稳稳握住并举起。,Precision_Pinch_2,8,136,77,136,250,250,250
让拇指和食指成弧形包裹球体，准备实现夹取并抬起。,Precision_Pinch_2,8,136,77,136,250,250,250
用自然的拇指-食指夹持动作，将乒乓球牢牢夹住并准备移动。,Precision_Pinch_2,8,136,77,136,250,250,250
保持C型夹持的姿态，确保乒乓球在指尖间稳固，随时完成取放。,Precision_Pinch_2,8,136,77,136,250,250,250
将拇指和食指收束成弯曲夹持，目标是稳稳抓住乒乓球并准备移走。,Precision_Pinch_2,8,136,77,136,250,250,250
用大拇指和食指小心翼翼地捏住一根头发丝。,Precision_Pinch_2,8,96,84,117,250,250,250
聚焦完成任务的状态：用拇指和食指夹住目标细小物体，确保稳定抓取并保持不被松动。,Precision_Pinch_2,8,96,84,117,250,250,250
用拇指与食指的指尖逐步夹紧，直到提起并稳定地夹住一根头发丝。,Precision_Pinch_2,8,96,84,117,250,250,250
用拇指与食指的末端精准夹住头发丝，确保抓取稳固且不压断。,Precision_Pinch_2,8,96,84,117,250,250,250
用拇指和食指对准头发丝的两端，轻轻夹持并保持紧张感以完成抓取。,Precision_Pinch_2,8,96,84,117,250,250,250
把头发丝夹在拇指指腹和食指指端之间，确保夹住后可以安全提起。,Precision_Pinch_2,8,96,84,117,250,250,250
用拇指和食指逐步收拢，明确夹住头发丝并维持姿态以完成抓取动作。,Precision_Pinch_2,8,96,84,117,250,250,250
用拇指和食指的尖端轻轻捏住头发丝，确保不会滑落并保持稳定。,Precision_Pinch_2,8,96,84,117,250,250,250
拇指与食指对准头发丝的两侧，细致地夹持以达到稳固的抓取姿态。,Precision_Pinch_2,8,96,84,117,250,250,250
以拇指和食指的末端对头发丝形成一个夹口，确保夹紧且可控地提起。,Precision_Pinch_2,8,96,84,117,250,250,250
用拇指和食指温柔地夹住头发丝，确保抓取过程平稳且不伤害物体,Precision_Pinch_2,8,96,84,117,250,250,250
大拇指侧摆过来，把食指和中指紧紧锁住。,Precision_Lateral,11,96,43,111,106,250,250
将拇指向内横向移动，食指与中指保持紧扣的状态以完成抓取。,Precision_Lateral,11,96,43,111,106,250,250
拇指向内一侧摆动，食指与中指保持并拢且紧紧锁定物体。,Precision_Lateral,11,96,43,111,106,250,250
让拇指沿着手掌边缘滑动，食指和中指牢牢闭合在一起。,Precision_Lateral,11,96,43,111,106,250,250
拇指移向掌内侧并与食指和中指形成紧密锁定的抓取姿态。,Precision_Lateral,11,96,43,111,106,250,250
将大拇指向靠近掌心侧，食指与中指保持紧扣以稳固抓握。,Precision_Lateral,11,96,43,111,106,250,250
拇指向内侧移动，同时食指和中指保持紧密锁扣的状态。,Precision_Lateral,11,96,43,111,106,250,250
让拇指转向内侧，食指与中指紧贴并锁死在一起。,Precision_Lateral,11,96,43,111,106,250,250
拇指向掌心方向逼近，食指和中指以高紧度闭合成一体。,Precision_Lateral,11,96,43,111,106,250,250
将大拇指收回到内侧，食指与中指保持紧密扣合以夹持物体。,Precision_Lateral,11,96,43,111,106,250,250
拇指沿内侧略微回收，食指和中指形成牢固的锁扣抓握。,Precision_Lateral,11,96,43,111,106,250,250
把大拇指卡在食指和中指的缝隙之间。,Gesture_Social,5,96,43,111,106,250,250
将大拇指置于食指与中指之间的缝隙位置，保持稳定接触。,Gesture_Social,5,96,43,111,106,250,250
将拇指放进食指与中指之间的夹缝，确保拇指被夹紧在中间区域。,Gesture_Social,5,96,43,111,106,250,250
把大拇指放在食指和中指之间的空隙处，维持该位置。,Gesture_Social,5,96,43,111,106,250,250
让拇指插进食指与中指之间的缝隙，保持紧贴两指。,Gesture_Social,5,96,43,111,106,250,250
将大拇指安放于食指和中指之间的夹缝中，维持固定态势。,Gesture_Social,5,96,43,111,106,250,250
把拇指放在食指与中指之间的缝隙里，让三根指头相互接触。,Gesture_Social,5,96,43,111,106,250,250
让大拇指安稳地卡在食指与中指之间的缝隙处。,Gesture_Social,5,96,43,111,106,250,250
将拇指置于食指和中指之间的那个缝隙里，保持不移动。,Gesture_Social,5,96,43,111,106,250,250
把大拇指卡在食指与中指之间的缝隙中，确保位置不变。,Gesture_Social,5,96,43,111,106,250,250
将拇指塞入食指与中指之间的狭缝，保持紧贴和静止。,Gesture_Social,5,96,43,111,106,250,250
用大拇指和食指捏住一颗小葡萄，不要太用力。,Precision_Pinch_2,8,113,80,140,250,250,250
以目标为导向地完成抓取任务，确保葡萄被稳稳夹住但不挤压。,Precision_Pinch_2,8,113,80,140,250,250,250
用拇指和食指夹紧葡萄，保持适度压力以防滑落，同时不要用力过猛。,Precision_Pinch_2,8,113,80,140,250,250,250
把葡萄夹在拇指和食指之间，确保抓取状态稳定即可。,Precision_Pinch_2,8,113,80,140,250,250,250
用两根指头夹住葡萄，力度控制在可控范围内，避免对葡萄造成压痕。,Precision_Pinch_2,8,113,80,140,250,250,250
拇指和食指合拢，握取葡萄但不要用力过大，保持握持即可。,Precision_Pinch_2,8,113,80,140,250,250,250
用拇指和食指捏住葡萄，力道刚好，确认不让它滑出。,Precision_Pinch_2,8,113,80,140,250,250,250
将葡萄夹在拇指与食指之间，动作要轻柔，但要确保不会掉。,Precision_Pinch_2,8,113,80,140,250,250,250
用拇指和食指轻捏葡萄，确保姿态稳固但不过度用力。,Precision_Pinch_2,8,113,80,140,250,250,250
拇指与食指并拢，轻轻夹住葡萄，握持强度保持在舒适范围。,Precision_Pinch_2,8,113,80,140,250,250,250
以轻柔的夹持方式抓取葡萄，确保不挤压且稳定呈现抓取状态。,Precision_Pinch_2,8,113,80,140,250,250,250
大拇指、食指和中指呈三角形捏合，像捏着一支铅笔准备写字。,Precision_Pinch_3,9,103,58,111,90,250,250
目标是完成抓取任务，保持铅笔样的尖细夹持状态以便写字。,Precision_Pinch_3,9,103,58,111,90,250,250
保持拇指、食指和中指之间的夹持，形状像要握住一支铅笔进行写字动作。,Precision_Pinch_3,9,103,58,111,90,250,250
让拇指与食指和中指形成三点夹持的铅笔握姿，以便后续笔画运动。,Precision_Pinch_3,9,103,58,111,90,250,250
用拇指、食指和中指构成三角形的夹持，模拟正在书写的铅笔姿态。,Precision_Pinch_3,9,103,58,111,90,250,250
三指并拢成三角形夹持，像要在纸上写字的笔触姿态。,Precision_Pinch_3,9,103,58,111,90,250,250
拇指、食指和中指保持三点支撑，形成笔尖的尖锐夹持，准备进行书写。,Precision_Pinch_3,9,103,58,111,90,250,250
三指紧贴成三角形，模拟铅笔握笔的细笔尖夹持。,Precision_Pinch_3,9,103,58,111,90,250,250
用拇指、食指和中指固定成三角形，像准备写字时的笔握。,Precision_Pinch_3,9,103,58,111,90,250,250
保持拇指、食指与中指之间的夹持关系，呈现出铅笔写字时的三角握姿。,Precision_Pinch_3,9,103,58,111,90,250,250
让拇指、食指和中指以三角形排列夹持，仿佛正在进行书写般的笔尖态。,Precision_Pinch_3,9,103,58,111,90,250,250
大拇指和食指捏合，并在指尖留出大约一厘米的空隙。,Precision_Pinch_2,8,114,76,129,250,250,250
把拇指和食指捏在一起，但指尖保持大约一厘米的间隙。,Precision_Pinch_2,8,114,76,129,250,250,250
用拇指和食指做捏合动作，指尖之间留出大概1厘米的距离。,Precision_Pinch_2,8,114,76,129,250,250,250
让拇指与食指捏合，但指尖之间留出约一厘米的空隙。,Precision_Pinch_2,8,114,76,129,250,250,250
拇指和食指做夹持动作，指尖保持大约0.9~1.1厘米的间隙。,Precision_Pinch_2,8,114,76,129,250,250,250
以拇指和食指轻捏为主，指尖之间留出大概一厘米的空隙。,Precision_Pinch_2,8,114,76,129,250,250,250
把拇指和食指向内挤压，但指尖保持一厘米左右的缝隙。,Precision_Pinch_2,8,114,76,129,250,250,250
拇指与食指相触但指尖留出约1厘米的距离。,Precision_Pinch_2,8,114,76,129,250,250,250
用拇指和食指进行捏住的姿态，指尖之间大约保持1厘米的间隔。,Precision_Pinch_2,8,114,76,129,250,250,250
拇指和食指并拢成夹持姿势，指尖保持大约1厘米的空隙。,Precision_Pinch_2,8,114,76,129,250,250,250
拇指和食指做捏合动作，但指尖之间大约有一厘米的间距。,Precision_Pinch_2,8,114,76,129,250,250,250
把对捏的大拇指和食指稍微松开一点。,Extent_Slight,7,105,76,118,250,250,250
让大拇指和食指稍微放松一些，减小夹紧力度。,Extent_Slight,7,105,76,118,250,250,250
在不改变目标的前提下，适度放松拇指和食指的夹力。,Extent_Slight,7,105,76,118,250,250,250
把拇指和食指的握紧程度降到一个较低的水平，但仍保持控制。,Extent_Slight,7,105,76,118,250,250,250
让大拇指和食指轻轻分开，不要太紧，保持自然张力。,Extent_Slight,7,105,76,118,250,250,250
让两根手指的夹持放松一点点，微微分离即可。,Extent_Slight,7,105,76,118,250,250,250
将拇指和食指之间的夹力减小，保持手指处于轻松状态。,Extent_Slight,7,105,76,118,250,250,250
不用太用力，只要让拇指和食指有一点松开就好。,Extent_Slight,7,105,76,118,250,250,250
讓拇指和食指稍微分离，握力不要再紧一些。,Extent_Slight,7,105,76,118,250,250,250
让大拇指和食指的压力降到一个更轻的程度，稍微松开。,Extent_Slight,7,105,76,118,250,250,250
保持捏持的姿势，但将拇指和食指的挤压程度降低一些。,Extent_Slight,7,105,76,118,250,250,250
所有手指张开，大拇指侧摆悬停在掌心正上方。,Single_Thumb,2,250,76,250,250,250,250
将所有手指完全张开，但大拇指保持悬停在掌心正上方的位置。,Single_Thumb,2,250,76,250,250,250,250
手指全部伸直展开，且大拇指保持在掌心正上方的悬空状态。,Single_Thumb,2,250,76,250,250,250,250
把所有指头伸直成直线，大拇指放在掌心上方微悬。,Single_Thumb,2,250,76,250,250,250,250
让五根手指完全打开，拇指在掌心正上方处于悬停姿态。,Single_Thumb,2,250,76,250,250,250,250
全部指尖伸展，拇指位于掌心上方并略微悬空。,Single_Thumb,2,250,76,250,250,250,250
将每根手指张开成直线，大拇指在掌心正上方保持悬浮。,Single_Thumb,2,250,76,250,250,250,250
五指张开成扇形，拇指仍悬停于掌心正上方的位置。,Single_Thumb,2,250,76,250,250,250,250
把手指全部伸直展开，拇指在掌心上方保持悬空态势。,Single_Thumb,2,250,76,250,250,250,250
每根手指完全张开，拇指置于掌心正上方并微微离开掌面。,Single_Thumb,2,250,76,250,250,250,250
所有指头都伸直展开，大拇指保持在掌心正上方的悬置状态。,Single_Thumb,2,250,76,250,250,250,250
模拟用大拇指和食指去拧开一颗小螺母。,Precision_Pinch_2,8,103,145,100,250,250,250
目标是拧开一颗小螺母，请完成抓取并让螺母松动或脱离固定状态。,Precision_Pinch_2,8,103,145,100,250,250,250
用拇指和食指精确夹住螺母的边缘，向外旋转直到螺母松开。,Precision_Pinch_2,8,103,145,100,250,250,250
将大拇指和食指放在螺母上，施力旋转以实现松动并分离。,Precision_Pinch_2,8,103,145,100,250,250,250
拧开这颗小螺母，强调操作需要用拇指与食指的夹持与旋转来完成。,Precision_Pinch_2,8,103,145,100,250,250,250
以拇指与食指的夹持姿态进行旋转，达到螺母脱离紧固的目标。,Precision_Pinch_2,8,103,145,100,250,250,250
把螺母夹紧在拇指指腹和食指之间，逐步向外旋转直到松开。,Precision_Pinch_2,8,103,145,100,250,250,250
用日常动作把小螺母拧开，强调拇指与食指的连动以完成分离。,Precision_Pinch_2,8,103,145,100,250,250,250
想象用拇指像扳手，食指做支撑，旋转直至螺母松动为止。,Precision_Pinch_2,8,103,145,100,250,250,250
用拇指与食指进行精准的夹取并逆时针旋转，直到螺母脱落。,Precision_Pinch_2,8,103,145,100,250,250,250
以拇指和食指的夹持为核心，执行螺母的松开操作并确保不掉落。,Precision_Pinch_2,8,103,145,100,250,250,250
用大拇指、食指和中指轻轻捏住一颗草莓。,Precision_Pinch_3,9,138,44,153,149,250,250
目标：仅拧紧草莓的抓持状态，不涉及具体手指细节，确保草莓稳定在抓取中。,Precision_Pinch_3,9,138,44,153,149,250,250
仅用拇指、食指、中指对草莓进行点捏，使其在握持中保持不滑落。,Precision_Pinch_3,9,138,44,153,149,250,250
用大拇指、食指和中指轻轻夹持草莓，确保草莓被稳稳固定。,Precision_Pinch_3,9,138,44,153,149,250,250
将草莓夹持住，关注草莓的牢固与稳定，不描述具体动作仅关注抓紧效果。,Precision_Pinch_3,9,138,44,153,149,250,250
用拇指、食指和中指的轻柔夹持完成对草莓的抓取任务。,Precision_Pinch_3,9,138,44,153,149,250,250
轻柔地用三指对草莓进行夹持，确保草莓处于稳定的抓取状态。,Precision_Pinch_3,9,138,44,153,149,250,250
以最小夹合力度让草莓稳稳在手中，强调抓取完成而非指法细节。,Precision_Pinch_3,9,138,44,153,149,250,250
保持对草莓的稳固抓取，三根手指共同作用以实现稳抓。,Precision_Pinch_3,9,138,44,153,149,250,250
用三指的点压与夹合达到对草莓的稳固抓握，关注目标物稳定性。,Precision_Pinch_3,9,138,44,153,149,250,250
让草莓被稳定夹持在指尖之间，强调抓取完成与物体状态的稳定。,Precision_Pinch_3,9,138,44,153,149,250,250
大拇指和食指死死捏紧，模拟拔掉插头的发力动作。,Precision_Pinch_2,8,93,127,107,250,250,250
目标是完成拔掉插头的动作，桃关紧握插头柄以完成断开连接。,Precision_Pinch_2,8,93,127,107,250,250,250
用大拇指和食指紧握对插头进行拔出操作，其他手指保持放松协助支撑。,Precision_Pinch_2,8,93,127,107,250,250,250
抓紧插头并用力拔出，确保两根手指产生主要拉力以实现断开。,Precision_Pinch_2,8,93,127,107,250,250,250
完成拔插头的任务，拇指与食指形成强力夹持，推动插头离开接口。,Precision_Pinch_2,8,93,127,107,250,250,250
大拇指和食指紧扣插头，向上/向外用力以拔出。,Precision_Pinch_2,8,93,127,107,250,250,250
用两指点名的夹持姿势，集中在拇指和食指的收紧以完成拔插头的动作。,Precision_Pinch_2,8,93,127,107,250,250,250
把插头紧紧捏住并拉出，重点在拇指和食指的发力。,Precision_Pinch_2,8,93,127,107,250,250,250
将插头从插座/孔中拔出，拇指和食指同时用力，确保夹持稳定。,Precision_Pinch_2,8,93,127,107,250,250,250
两指并拢紧握插头主体，向外拉以实现拔出任务。,Precision_Pinch_2,8,93,127,107,250,250,250
保持大拇指与食指的紧扣，模拟用力拔出插头的动作并完成动作结束。,Precision_Pinch_2,8,93,127,107,250,250,250
大拇指侧摆到食指指根处，食指弯曲把它包住。,Gesture_Fist,1,0,71,106,250,250,250
将大拇指贴在食指根部，食指由内向外弯曲并包覆住大拇指的侧面,Gesture_Fist,1,0,71,106,250,250,250
让大拇指靠近食指根部，并让食指弯曲以环绕并包裹大拇指,Gesture_Fist,1,0,71,106,250,250,250
将拇指放在食指根侧，食指弯曲并将其包住拇指#的侧部,Gesture_Fist,1,0,71,106,250,250,250
大拇指贴近食指起点位置，食指弯曲以环抱住大拇指的侧面,Gesture_Fist,1,0,71,106,250,250,250
让大拇指靠在食指的根部，食指往内弯曲并把大拇指包住,Gesture_Fist,1,0,71,106,250,250,250
拇指置于食指根部，食指收拢并绕包拇指的外侧形成紧扣,Gesture_Fist,1,0,71,106,250,250,250
把拇指放在食指根部，食指弯折并绕到拇指的侧面进行包裹,Gesture_Fist,1,0,71,106,250,250,250
将大拇指置于食指基部，食指向内弯曲并把它包入指间之间,Gesture_Fist,1,0,71,106,250,250,250
大拇指靠近食指根部，食指弯曲以环绕并覆盖拇指的侧面,Gesture_Fist,1,0,71,106,250,250,250
让拇指贴近食指基部，食指收弯包覆住拇指的侧端,Gesture_Fist,1,0,71,106,250,250,250
拇指和食指捏紧，中指、无名指、小指依次呈现阶梯状的弯曲。,Precision_Pinch_2,8,97,81,116,106,86,66
目标是让抓取更稳妥，指示只需说明要完成抓取任务和物体状态，不提具体指法细节。,Precision_Pinch_2,8,97,81,116,106,86,66
目标导向：使机械手完成对目标物的稳定抓持，不讨论单独指节的角度数值。,Precision_Pinch_2,8,97,81,116,106,86,66
收集到目标物后，完成对目标物的稳固抓取与保持姿态即可，不涉及具体指节动作。,Precision_Pinch_2,8,97,81,116,106,86,66
抓取任务应以实现对目标物的可靠夹持并维持其姿态为核心，不描述指节细节。,Precision_Pinch_2,8,97,81,116,106,86,66
拇指和食指要合力夹取目标物，其他三指按照需要呈现阶梯状弯曲以稳定抓取。,Precision_Pinch_2,8,97,81,116,106,86,66
拇指与食指形成夹持点，中指、无名指、小指按需弯曲以实现对物体的稳固抓取。,Precision_Pinch_2,8,97,81,116,106,86,66
用通用语言描述抓取动作，强调完成对目标物的固定位姿与保持，而非单独关节。,Precision_Pinch_2,8,97,81,116,106,86,66
请给出一个稳固的夹持姿态，用来拾取并固定放置目标物，不涉及逐指节的细节。,Precision_Pinch_2,8,97,81,116,106,86,66
把目标物稳稳夹持起来，确保在搬运过程中不会松手，姿态要稳定但不强调具体手指。,Precision_Pinch_2,8,97,81,116,106,86,66
把手指张合的具体画面留给系统实现，任务要点是完成对目标物的可靠抓取与稳定保持。,Precision_Pinch_2,8,97,81,116,106,86,66
模拟用大拇指和食指去拉衣服上的拉链。,Precision_Pinch_2,8,97,81,122,250,250,250
只需完成拉链的提拉动作，衣物状态会被拉平或拉紧即可。,Precision_Pinch_2,8,97,81,122,250,250,250
用大拇指和食指作力，沿着拉链的走向执行抓握并拉动，完成拉链的开合任务。,Precision_Pinch_2,8,97,81,122,250,250,250
弯曲大拇指和食指，向上或向下拉动拉链，保持拉链沿线的张力，达到拉合的效果。,Precision_Pinch_2,8,97,81,122,250,250,250
用两根手指对准拉链的把手处，完成以拉链为对象的上拉或下拉动作。,Precision_Pinch_2,8,97,81,122,250,250,250
以大拇指和食指为主力，按需要方向拉动拉链，使衣物的拉链状态改变。,Precision_Pinch_2,8,97,81,122,250,250,250
用拇指和食指夹住拉链拉头，顺着衣物边缘用力拉动，完成拉链的开启或闭合。,Precision_Pinch_2,8,97,81,122,250,250,250
把注意力放在拉链部件上，使用拇指和食指进行精确的向上或向下拉动作，达到顺滑拉动的效果。,Precision_Pinch_2,8,97,81,122,250,250,250
以两指的并拢动作，稳定抓握拉链头沿着轨迹向相反方向移动，完成拉链的解扣或扣上。,Precision_Pinch_2,8,97,81,122,250,250,250
聚焦于拉链的进出口区域，使用拇指与食指交替施力，平稳地拉动实现开合。,Precision_Pinch_2,8,97,81,122,250,250,250
以大拇指和食指的握持模式，沿着拉链方向进行持续拉拉，直到拉链状态符合目标。,Precision_Pinch_2,8,97,81,122,250,250,250
拇指指尖顶住食指指腹，像是在搓捻一撮盐。,Precision_Pinch_2,8,97,81,118,250,250,250
把拇指尖顶住食指指腹，像是在揉捻一小撮盐一样。,Precision_Pinch_2,8,97,81,118,250,250,250
拇指尖抵住食指腹部，做搓揉细盐的动作，保持指尖紧扣。,Precision_Pinch_2,8,97,81,118,250,250,250
用拇指指尖与食指指腹相触，仿佛轻轻搓捻一撮盐。,Precision_Pinch_2,8,97,81,118,250,250,250
拇指尖紧贴食指腹部，做捻盐的手感动作。,Precision_Pinch_2,8,97,81,118,250,250,250
拇指尖和食指腹部相贴，像在温和地揉搓一撮盐。,Precision_Pinch_2,8,97,81,118,250,250,250
拇指尖顶在食指腹上，进行细致的搓捻动作，像处理盐粒。,Precision_Pinch_2,8,97,81,118,250,250,250
将拇指尖靠在食指腹部，仿佛捻拈一撮盐粒。,Precision_Pinch_2,8,97,81,118,250,250,250
拇指尖对着食指腹，做搓揉盐粒的微小动作。,Precision_Pinch_2,8,97,81,118,250,250,250
拇指尖与食指腹贴合，像是在轻轻地搓捻一撮盐。,Precision_Pinch_2,8,97,81,118,250,250,250
拇指尖触碰食指腹部，呈现出搓揉盐粒的细微动作。,Precision_Pinch_2,8,97,81,118,250,250,250
拇指侧向压在弯曲的食指侧边，模拟扣动打火机。,Precision_Lateral,11,78,255,85,84,83,81
目标是完成点火动作，保持已经弯曲的食指与拇指接触以模仿扣动点火的状态。,Precision_Lateral,11,78,255,85,84,83,81
拇指靠在食指弯曲侧的边缘处，收紧并按下，完成扣动点火的动作姿态。,Precision_Lateral,11,78,255,85,84,83,81
将拇指放在食指侧边，保持弯曲的食指，同时模拟扣下点火的过程。,Precision_Lateral,11,78,255,85,84,83,81
让拇指贴在弯曲的食指侧面，固定抓握动作，然后执行扣动点火的姿势。,Precision_Lateral,11,78,255,85,84,83,81
用拇指抵在食指的侧边，食指保持弯曲，完成点火的触发动作。,Precision_Lateral,11,78,255,85,84,83,81
拇指置于食指侧缘，食指保持弯曲，进行像点火器扣动一样的持续动作。,Precision_Lateral,11,78,255,85,84,83,81
把拇指放在食指弯曲侧边，保持姿态，执行扣动点火的机械手指配合。,Precision_Lateral,11,78,255,85,84,83,81
以拇指贴压在食指侧面为主线，食指维持弯曲，完成点火动作的触发姿态。,Precision_Lateral,11,78,255,85,84,83,81
拇指压在弯曲的食指侧边，模拟点火扣动的连贯动作。,Precision_Lateral,11,78,255,85,84,83,81
拇指抵在食指的侧面，食指保持弯曲，执行扣动点火的任务形态。,Precision_Lateral,11,78,255,85,84,83,81
将所有手指的指尖向大拇指靠拢，但不完全碰到。,Extent_Half,3,106,4,110,123,122,123
将所有手指的指尖向拇指方向靠拢，但不要完全接触。,Extent_Half,3,106,4,110,123,122,123
让五根手指尖朝拇指方向挪动，保持未接触的状态。,Extent_Half,3,106,4,110,123,122,123
把指尖往拇指方向聚拢，距离略有落差，不要碰到。,Extent_Half,3,106,4,110,123,122,123
用拇指指尖引导其他指尖向其方向靠近，但保持微妙的间距。,Extent_Half,3,106,4,110,123,122,123
让所有手指尖向拇指靠拢的方向移动，避免形成接触。,Extent_Half,3,106,4,110,123,122,123
指尖朝向拇指聚拢，但留出一点点空隙，不要碰触。,Extent_Half,3,106,4,110,123,122,123
五指尖头向拇指方向靠拢，仍保持未触碰的距离。,Extent_Half,3,106,4,110,123,122,123
将指尖集中向拇指方向，但保持未完全触碰的状态。,Extent_Half,3,106,4,110,123,122,123
让指尖逐步靠近拇指，但不让它们最终相触。,Extent_Half,3,106,4,110,123,122,123
把所有指尖朝拇指拉近，保持微妙的距离，未达成碰触。,Extent_Half,3,106,4,110,123,122,123
拇指和中指死死捏住，食指伸直指向上方。,Single_Middle,10,97,0,250,117,250,250
目标是夹住目标物体，保持稳定的夹持力，不涉及具体手指细分的动作。,Single_Middle,10,97,0,250,117,250,250
确保抓取状态完成，物体保持在可控抓握状态即可。,Single_Middle,10,97,0,250,117,250,250
只需达到抓取目标的状态，不必描述指尖的具体姿态或力的方向。,Single_Middle,10,97,0,250,117,250,250
保持对目标物体的稳定掌控，确保其不易滑动，完成抓取即可。,Single_Middle,10,97,0,250,117,250,250
任务是实现稳固的抓取状态，物体在手中被牢牢固定。,Single_Middle,10,97,0,250,117,250,250
完成抓取目标的状态要求，但不强调具体指尖动作的细节。,Single_Middle,10,97,0,250,117,250,250
食指、拇指以外的手指保持未弯曲或无关紧要的动作，不描述具体弯曲细节。,Single_Middle,10,97,0,250,117,250,250
指示为实现对目标的稳定夹持，明确指出要紧扣目标但不写出逐根指节的弯曲。,Single_Middle,10,97,0,250,117,250,250
把握目标物体并稳稳收紧，指尖姿态不作为重点描述。,Single_Middle,10,97,0,250,117,250,250
完成对目标的稳固抓取即可，强调抓取状态而非逐指动作分解。,Single_Middle,10,97,0,250,117,250,250
目标是确保对目标物体的牢固控制，拇指和中指保持夹紧，食指向上指向的姿态作为辅助信息。,Single_Middle,10,97,0,250,117,250,250
拇指侧摆到掌心中间，另外四指像盖子一样轻轻盖在拇指上。,Gesture_Fist,1,37,0,106,99,104,108
将拇指放置在掌心中央，其他四指轻轻覆在其上形成覆盖状态。,Gesture_Fist,1,37,0,106,99,104,108
拇指置于掌心正中，四指像盖子一样轻轻盖 over 拇指。,Gesture_Fist,1,37,0,106,99,104,108
让拇指安放在掌心中点，其余四指柔软地覆盖在上方。,Gesture_Fist,1,37,0,106,99,104,108
把拇指放在掌心的正中位置，其他四指像盖子一样轻轻覆盖。,Gesture_Fist,1,37,0,106,99,104,108
拇指处于掌心中央，四指从上方缓缓覆盖拇指表面。,Gesture_Fist,1,37,0,106,99,104,108
将拇指安放在掌心中央位置，四指顺势覆盖在其上，如同盖子。,Gesture_Fist,1,37,0,106,99,104,108
拇指放在掌心的正中，其他四指轻轻盖在拇指上面。,Gesture_Fist,1,37,0,106,99,104,108
把拇指安置在掌心中央，四指像盖子一样覆盖在其上。,Gesture_Fist,1,37,0,106,99,104,108
将拇指位于掌心中点，四指轻轻覆盖在拇指之上。,Gesture_Fist,1,37,0,106,99,104,108
让拇指居中于掌心，四指像盖子一样轻轻覆盖在其上方。,Gesture_Fist,1,37,0,106,99,104,108
模拟捏住一块薄薄的薯片，力度要非常轻。,Precision_Pinch_2,8,95,76,122,250,250,250
目标指向：轻轻捏住薄薯片的边缘，确保不破裂，保持完整状态。,Precision_Pinch_2,8,95,76,122,250,250,250
目标导向：抓取薄薯片的同时保持其平整，不压碎，也不滑落。,Precision_Pinch_2,8,95,76,122,250,250,250
目标导向：以最小压力稳稳抓取薄片表面，避免对边缘施力。,Precision_Pinch_2,8,95,76,122,250,250,250
目标导向：只需要微捏距离，确保薯片不弯曲、不破碎地被提起。,Precision_Pinch_2,8,95,76,122,250,250,250
动作分解：拇指与食指在薄薯片两侧轻触，其他指保持放松，避免夹压。,Precision_Pinch_2,8,95,76,122,250,250,250
动作分解：拇指指腹与食指指腹轻微触碰薄薯片，指间保持极小夹角，防止压痕。,Precision_Pinch_2,8,95,76,122,250,250,250
动作分解：食指、拇指轻微屈曲，其他三指自然伸展，形成极小的夹持面。,Precision_Pinch_2,8,95,76,122,250,250,250
动作分解：仅用指尖微张力接触薄薯片，避免关节大幅弯曲以免压伤。,Precision_Pinch_2,8,95,76,122,250,250,250
日常口语：就用指尖轻轻夹住那片薄薯片，别用力过大。,Precision_Pinch_2,8,95,76,122,250,250,250
日常口语：给薯片点小力就行，别挤坏了，稳稳捏着就好。,Precision_Pinch_2,8,95,76,122,250,250,250
大拇指和食指捏住一枚硬币的上下两面。,Precision_Pinch_2,8,95,76,124,250,250,250
目标指向：用大拇指和食指夹住硬币的上面和下面两面，保持稳固抓取。,Precision_Pinch_2,8,95,76,124,250,250,250
用拇指与食指夹住硬币的两侧边缘，使其两面紧贴，确保不掉落。,Precision_Pinch_2,8,95,76,124,250,250,250
 Focus on goal: 仅要求拇指和食指夹住硬币的上下两面，维持稳定姿态。,Precision_Pinch_2,8,95,76,124,250,250,250
将大拇指和食指弯曲并夹紧硬币的上下两面，确保硬币不/translating,Precision_Pinch_2,8,95,76,124,250,250,250
用拇指与食指夹住硬币的上底和下底，保持力矩平衡，防止滑动。,Precision_Pinch_2,8,95,76,124,250,250,250
Colloquial: 把拇指和食指卡在硬币上下两面，抓紧点，别让它掉。,Precision_Pinch_2,8,95,76,124,250,250,250
Metaphorical: 让拇指与食指像钳子一样把硬币的两面夹住，像把日月卡在掌心。,Precision_Pinch_2,8,95,76,124,250,250,250
Noisy: 现在就用大拇指和食指夹住硬币的上下两面，其他手指就放轻些，保持稳固就行。,Precision_Pinch_2,8,95,76,124,250,250,250
Kinematic: 大拇指关节弯曲，食指节位于硬币上下两面，形成夹持对，保持0度偏转。,Precision_Pinch_2,8,95,76,124,250,250,250
Colloquial: 就这么夹住硬币的上下两面，拇指和食指别松开，稳稳的就行。,Precision_Pinch_2,8,95,76,124,250,250,250
大拇指与食指分开两厘米的距离，准备捏起桌上的橡皮。,Precision_Pinch_2,8,118,76,144,250,250,250
目标是在不触碰其他物体的前提下，夹持桌面上的橡皮并保持稳定姿态。,Precision_Pinch_2,8,118,76,144,250,250,250
以拇指和食指分别弯曲成适度夹持的角度，确保能夹起桌上的橡皮。,Precision_Pinch_2,8,118,76,144,250,250,250
把拇指和食指朝橡皮方向靠拢，准备实现夹取动作。,Precision_Pinch_2,8,118,76,144,250,250,250
用拇指和食指的尖端轻轻夹住橡皮，保持握持就绪的状态。,Precision_Pinch_2,8,118,76,144,250,250,250
类似握笔的姿势，将橡皮夹紧于两指之间，待命捏起。,Precision_Pinch_2,8,118,76,144,250,250,250
用日常手指的对夹动作，完成对桌上橡皮的稳固抓取。,Precision_Pinch_2,8,118,76,144,250,250,250
让大拇指和食指像两根钝钉一样分开约两厘米，随后迅速收拢夹取橡皮。,Precision_Pinch_2,8,118,76,144,250,250,250
把拇指和食指保持适度张合，目标是把桌上的橡皮捏起并提升。,Precision_Pinch_2,8,118,76,144,250,250,250
用两指的尖端形成夹具状，准备将橡皮从桌面提起。,Precision_Pinch_2,8,118,76,144,250,250,250
像准备夹住小物件一样，将拇指和食指调整成能夹起橡皮的姿态，并保持稳定。,Precision_Pinch_2,8,118,76,144,250,250,250
五指张开并弯曲成圆弧状，准备抓起一个大苹果。,Power_Sphere,12,193,49,173,180,172,148
把目标物体抓起来的过程简化为先张开五指再向内收拢成圆弧，完成抓取。,Power_Sphere,12,193,49,173,180,172,148
专注于完成抓取大苹果的状态：五根手指展开并逐步形成圆弧以包裹对象。,Power_Sphere,12,193,49,173,180,172,148
让手指按顺序张开、再弯曲成圆弧，目标是稳定包裹并抓起苹果。,Power_Sphere,12,193,49,173,180,172,148
五指张开后按需求弯曲，呈现圆弧形以便对准并抓握苹果。,Power_Sphere,12,193,49,173,180,172,148
只要完成对苹果的抓取即可，不提具体指法，手指先张开再成圆弧准备抓取。,Power_Sphere,12,193,49,173,180,172,148
指尖张开成扇形状，然后逐步向内弯曲形成圆弧以便稳稳地夹持苹果。,Power_Sphere,12,193,49,173,180,172,148
为了抓取苹果，五指同时展开，然后通过弯曲成圆弧来适配物体轮廓。,Power_Sphere,12,193,49,173,180,172,148
手指从完全张开过渡到弯曲成圆弧，目标是围绕苹果形成包裹姿态。,Power_Sphere,12,193,49,173,180,172,148
以抓取为目的，五指先扩展再弯曲成圆弧，确保能托持并抬起苹果。,Power_Sphere,12,193,49,173,180,172,148
把手指展开成扇形后，轻微向内收拢成圆弧，准备稳稳地抓住苹果。,Power_Sphere,12,193,49,173,180,172,148
四指用力弯曲勾住，大拇指压紧，模拟握住自行车的车把手。,Power_Cylinder,4,48,159,45,48,46,39
目标是紧紧握住自行车的车把，确保车把不松动。,Power_Cylinder,4,48,159,45,48,46,39
用食指、中指、无名指和小指弯曲成力道抓握的姿态，大拇指向内压紧以固定车把。,Power_Cylinder,4,48,159,45,48,46,39
把车把握牢，四指卷曲成握力，拇指向掌心压紧以防滑。,Power_Cylinder,4,48,159,45,48,46,39
四根手指以力道弯曲并绕圈握住车把，拇指压向车把表面以提高摩擦。,Power_Cylinder,4,48,159,45,48,46,39
手部保持紧握状态，让车把被指尖的弯曲和拇指的压紧共同固定。,Power_Cylinder,4,48,159,45,48,46,39
把车把稳稳握住，四指全部弯曲，拇指向内按压以增强抓力。,Power_Cylinder,4,48,159,45,48,46,39
将手指弯成握拳样式，勾住车把，拇指用力压实，避免滑动。,Power_Cylinder,4,48,159,45,48,46,39
以指尖的弯曲形成扣握，拇指紧压车把以达到稳固抓持。,Power_Cylinder,4,48,159,45,48,46,39
用四指形成紧扣的握力，同时拇指向内紧压，模拟稳稳握住自行车把手的姿态。,Power_Cylinder,4,48,159,45,48,46,39
四指收紧成勾状，拇指压紧车把，确保在移动时车把不脱手。,Power_Cylinder,4,48,159,45,48,46,39
做出紧紧握住一根粗棍子的圆柱状抓握。,Power_Cylinder,4,138,111,89,98,96,97
目标是牢牢抓住这根粗棍子，确保棍子不滑动且保持稳定的姿态。,Power_Cylinder,4,138,111,89,98,96,97
目标是紧紧包裹棍子，使其在握持中不易脱落，保持稳定的圆柱形抓握。,Power_Cylinder,4,138,111,89,98,96,97
让拇指和四指环绕棍子，形成一个稳固的圆柱抓握，手腕保持自然受力。,Power_Cylinder,4,138,111,89,98,96,97
用拇指、食指、中指、无名指和小指环绕棍子，指间形成紧密的包覆。,Power_Cylinder,4,138,111,89,98,96,97
用日常动作描述：把棍子牢牢握紧，别让它滑出手掌。,Power_Cylinder,4,138,111,89,98,96,97
用力让所有手指弯曲并贴合棍子表面，以实现紧密的圆柱抓握。,Power_Cylinder,4,138,111,89,98,96,97
把棍子像抓住一根粗笔筒一样，五指紧贴棍子表面，形成完整的圆柱形包裹。,Power_Cylinder,4,138,111,89,98,96,97
将大拇指和四指的指端紧密压在棍子两侧，其余指节自然贴合，完成稳固的握持。,Power_Cylinder,4,138,111,89,98,96,97
五指成圆环紧贴棍子，掌心略向内收，形成稳定且紧密的圆柱握持。,Power_Cylinder,4,138,111,89,98,96,97
让手指和手掌包裹住棍子，棍子在掌心形成一个紧固的圆柱形抓握，防止滑动。,Power_Cylinder,4,138,111,89,98,96,97
手掌呈杯状，模拟手里正握着一个网球。,Power_Sphere,12,168,24,97,121,128,97
目标是完成抓握网球的姿态，保持网球在杯状手掌中的稳定状态。,Power_Sphere,12,168,24,97,121,128,97
将拇指、食指和中指以轻微弯曲包裹网球，其余指尖保持贴合杯形的姿态。,Power_Sphere,12,168,24,97,121,128,97
把手掌呈杯状，像托起一个小球一样，让网球位于掌心并略微向前顶。,Power_Sphere,12,168,24,97,121,128,97
网球被稳稳夹在掌心杯形中，拇指与食指形成一个小环，其余指支撑网球边缘。,Power_Sphere,12,168,24,97,121,128,97
用日常用语来描述：保持手掌杯状的姿势，网球保持在中间位置。,Power_Sphere,12,168,24,97,121,128,97
像在接球一样，前臂保持稳定，拇指和食指略微握紧，中指和无名指自然弯曲，，小指自然放松。,Power_Sphere,12,168,24,97,121,128,97
让手指依次自然弯曲，形成杯状容器，网球稳稳停留在掌心的中心位置。,Power_Sphere,12,168,24,97,121,128,97
把手指伸展到合适的角度，使掌心形成圆杯，网球就位于圆顶的中心。,Power_Sphere,12,168,24,97,121,128,97
如同托住一个小球的姿态，掌心向上微微张合，网球位于掌心正中。,Power_Sphere,12,168,24,97,121,128,97
手掌呈杯状，网球被温和地托住，拇指与中指近乎并拢，食指略微贴合网球表面。,Power_Sphere,12,168,24,97,121,128,97
四根手指弯成钩子状，大拇指贴在侧面，准备提一个重的塑料袋。,Power_Cylinder,4,89,144,90,91,100,107
把要提的重物先稳住，准备抓取即可。,Power_Cylinder,4,89,144,90,91,100,107
四根手指屈曲成钩形，大拇指贴在侧面，目标是把袋子提起。,Power_Cylinder,4,89,144,90,91,100,107
四根指头弯成钩状，拇指贴在一边，准备把塑料袋抬起来。,Power_Cylinder,4,89,144,90,91,100,107
用钩状的四指抓住袋子边缘，拇指紧贴侧面以稳固夹持。,Power_Cylinder,4,89,144,90,91,100,107
四指弯成钩，拇指贴在侧边，目标是让袋子顺利起提。,Power_Cylinder,4,89,144,90,91,100,107
让四根手指做钩状，拇指靠在侧面，准备把塑料袋往上提。,Power_Cylinder,4,89,144,90,91,100,107
把四根手指固定成钩形，拇指贴在侧面，专注于稳稳抬起袋子。,Power_Cylinder,4,89,144,90,91,100,107
四指呈钩形，拇指贴在一侧，目标是确保袋子能被稳妥提起。,Power_Cylinder,4,89,144,90,91,100,107
让四根手指像钩子一样弯曲，拇指贴在侧边，准备执起塑料袋。,Power_Cylinder,4,89,144,90,91,100,107
四指弯成钩状，拇指贴在侧面，目标是在不滑落的前提下提起袋子。,Power_Cylinder,4,89,144,90,91,100,107
模拟单手端着一杯水的姿态。,Power_Cylinder,4,201,242,112,124,124,116
目标是保持手部稳定，杯子里的水保持不洒出，杯子与杯口状态清晰即可。,Power_Cylinder,4,201,242,112,124,124,116
让拇指和食指微微捏合，其他三指自然放松，确保杯子稳稳地端着。,Power_Cylinder,4,201,242,112,124,124,116
把杯子端起，手指按顺序依次微曲，第一步是大拇指轻轻贴住杯柄，接着食指和中指配合。,Power_Cylinder,4,201,242,112,124,124,116
像握着一个小物体一样把杯子握紧，拇指与无名指稍微夹住杯柄，其他指头伸直但不紧绷。,Power_Cylinder,4,201,242,112,124,124,116
用日常姿势端起杯子，手腕保持自然，五指分布均匀，杯沿在视线高度。,Power_Cylinder,4,201,242,112,124,124,116
拇指稍微向内弯，食指和中指轻微屈曲，环指和小指自然支撑杯柄，使之稳定。,Power_Cylinder,4,201,242,112,124,124,116
把杯子提起来，指尖轻触杯柄下方，保持成自然的弧度，避免手指过度用力。,Power_Cylinder,4,201,242,112,124,124,116
像托着一杯水一样，掌心略向上，拇指与其他三指形成稳固的三点支撑，确保不洒。,Power_Cylinder,4,201,242,112,124,124,116
手掌呈拇食指夹持，其他指头伸展并略抬，维持杯子在掌心的平衡状态。,Power_Cylinder,4,201,242,112,124,124,116
端着杯子时，手背保持直线，拇指与食指贴合杯柄，其余指头自然贴合杯身以防滑。,Power_Cylinder,4,201,242,112,124,124,116
拇指张开，四指微曲，像抓着一个电脑鼠标。,Power_Sphere,12,81,155,250,250,250,210
任务目标是抓住一个鼠标，保持手掌放松并让四指微曲以稳定接触。,Power_Sphere,12,81,155,250,250,250,210
把大拇指张开，其他四根手指保持微弯，像在稳稳地托着一个鼠标。,Power_Sphere,12,81,155,250,250,250,210
稳稳地完成抓取动作，使大拇指张开，四指保持轻微弯曲以贴合鼠标轮廓。,Power_Sphere,12,81,155,250,250,250,210
让大拇指向外展开，四根手指微微屈曲，确保对鼠标的顺畅握持。,Power_Sphere,12,81,155,250,250,250,210
以抓取鼠标为目标，拇指张开，其他四指保持轻微弯曲以匹配形状。,Power_Sphere,12,81,155,250,250,250,210
只需让大拇指完全张开，四指保持微微弯曲状态，像在握住一个鼠标的边缘。,Power_Sphere,12,81,155,250,250,250,210
围绕抓取对象的状态来描述：拇指外展，四指保持轻微屈曲，以稳定接触鼠标。,Power_Sphere,12,81,155,250,250,250,210
拇指展开，其他四指呈微曲状，确保对鼠标的稳固支撑与控制。,Power_Sphere,12,81,155,250,250,250,210
以抓取并稳住鼠标为目标，拇指完全张开，四指略微弯曲以适应轮廓。,Power_Sphere,12,81,155,250,250,250,210
将拇指张开，四指保持适度弯曲，像是在掌中轻托一个电脑鼠标。,Power_Sphere,12,81,155,250,250,250,210
模拟抓住门把手准备往下压的姿势。,Power_Cylinder,4,86,113,65,73,72,80
目标是抓住门把手并准备向下压，保持物体状态稳定。,Power_Cylinder,4,86,113,65,73,72,80
我需要弯曲拇指、食指和中指，其他指头保持适度伸直，以稳固抓握并压下门把手。,Power_Cylinder,4,86,113,65,73,72,80
给我一个日常口语的版本：就那么抓住门把手，往下压就行，别想太多。能轻点用力就好。,Power_Cylinder,4,86,113,65,73,72,80
像握住门把手那样将手指紧扣，拇指到小指依次微屈，准备向下施力压下把手。,Power_Cylinder,4,86,113,65,73,72,80
把手掌张开但要锁定在门把手上，主要用拇指和食指形成夹持，其他指依次收紧以执行下压动作。请用拟人化的比喻来描述。,Power_Cylinder,4,86,113,65,73,72,80
在靠近门把手的位置，手指先自然弯曲，拇指、食指、中指成三点支撑，向下用力，门把手被压下。,Power_Cylinder,4,86,113,65,73,72,80
门把手被夹紧，四指保持轻微屈曲，拇指对门把手形成稳固的对握，目标是把门把手向下压动。,Power_Cylinder,4,86,113,65,73,72,80
我想要一个更自然的说法：就像要推门把手让它往下走，先让指关节微微弯曲，准备用力。,Power_Cylinder,4,86,113,65,73,72,80
环境描述多一些：靠近门，把手被牢牢抓住，手指逐步弯曲，向下压，感受把手的反馈。,Power_Cylinder,4,86,113,65,73,72,80
复杂但不失清晰：用拇指和食指形成夹持点，其余指尖微屈，整体姿态像是在执行一个向下的向心压把手动作。,Power_Cylinder,4,86,113,65,73,72,80
四根手指紧紧并拢并弯曲，像用手去舀水一样。,Power_Sphere,12,59,255,162,175,175,168
目标：将四根手指紧贴并向内弯曲，模仿用手去舀水的动作完成抓取任务。,Power_Sphere,12,59,255,162,175,175,168
将拇指外展，其余四指并拢并向内弯曲，呈舀水的握合姿态以拿取物体。,Power_Sphere,12,59,255,162,175,175,168
四根手指收拢并弯曲，像将水舀出一样完成对目标物体的抓取动作。,Power_Sphere,12,59,255,162,175,175,168
四指聚拢向内弯曲，执行仿舀水的握持，确保掌心朝向目标物。,Power_Sphere,12,59,255,162,175,175,168
用四指并拢并向内弯曲的姿态执行抓取，舀水般的握力感直到物体被握住。,Power_Sphere,12,59,255,162,175,175,168
把四根手指紧紧并拢并弯曲，像用手舀水一样去握住目标物。,Power_Sphere,12,59,255,162,175,175,168
四指并拢向内弯曲，模拟用手舀水的方式进行物体抓取。,Power_Sphere,12,59,255,162,175,175,168
将四指紧贴并向内屈曲，目标是实现仿舀水的握持并获取物体。,Power_Sphere,12,59,255,162,175,175,168
四指紧密并拢轻微弯曲，呈现舀水的动作路径以拾取目标。,Power_Sphere,12,59,255,162,175,175,168
四指并收并向内弯曲，模仿用手舀水的抓取方式去抓取目标物体。,Power_Sphere,12,59,255,162,175,175,168
把手圈成一个圆筒形，像握住一根手电筒。,Power_Cylinder,4,80,131,61,68,67,76
目标是把手圈成圆筒形，像握住一根手电筒，保持稳定姿态完成抓取。,Power_Cylinder,4,80,131,61,68,67,76
让拇指、食指和中指共同环绕成圆筒状，其余指稍微弯曲以包裹目标物体。,Power_Cylinder,4,80,131,61,68,67,76
用全掌形成筒状握持感，拇指与小指相对协作，仿佛紧握一支手电筒。,Power_Cylinder,4,80,131,61,68,67,76
形成圆筒形的握拳，拇指贴合掌背，其他四指自然弯曲贴合圆柱轮廓。,Power_Cylinder,4,80,131,61,68,67,76
将手指并拢并围成圆筒状，像稳稳握住一支手电筒进行移动。,Power_Cylinder,4,80,131,61,68,67,76
以拇指、食指和中指为主，环绕成圆筒，其他指自然贴合以保持抓紧。,Power_Cylinder,4,80,131,61,68,67,76
把手指排成筒状的环形抓握，像把手电筒稳稳捏在掌心。,Power_Cylinder,4,80,131,61,68,67,76
让五指围成圆筒形，拇指对指尖形成对称环，模拟握住手电筒的姿态。,Power_Cylinder,4,80,131,61,68,67,76
围绕成圆柱型的抓握形态，拇指与掌背相贴，其余指紧贴圆筒表面。,Power_Cylinder,4,80,131,61,68,67,76
通过指尖和掌部共同构成圆筒握持，确保像握住一支手电筒那样稳固。,Power_Cylinder,4,80,131,61,68,67,76
大拇指尽力往外张，四指微弯，模拟单手抓起一个大碗的边缘。,Power_Cylinder,4,91,119,121,105,93,69
目标是抓起一个大碗的边缘，完成抓取即可，不强调具体手指姿态。,Power_Cylinder,4,91,119,121,105,93,69
用拇指向外用力，其他四指微微弯曲，完成从边缘提起大碗的动作。,Power_Cylinder,4,91,119,121,105,93,69
把手指组合成抓取大碗边缘的姿势，让碗在手中稳稳被提起。,Power_Cylinder,4,91,119,121,105,93,69
拇指尽量外展，其他指头保持微弯，目标是能把大碗边缘抓起来。,Power_Cylinder,4,91,119,121,105,93,69
用力让拇指朝外张开，四指保持轻微弯曲，以便稳固抓取大碗边缘。,Power_Cylinder,4,91,119,121,105,93,69
大拇指向外拉开，其他四指略微弯曲，模拟抓起大碗边缘的动作。,Power_Cylinder,4,91,119,121,105,93,69
把拇指往外伸，剩下的四根手指微微弯曲，完成对大碗边缘的抓取。,Power_Cylinder,4,91,119,121,105,93,69
拇指向外扩展，其他指头保持轻微屈曲，目标是把大碗的边缘抓起并提起。,Power_Cylinder,4,91,119,121,105,93,69
手掌朝向碗的一侧，拇指大力外展，四指保持稍弯，以稳稳抓取碗边。,Power_Cylinder,4,91,119,121,105,93,69
让拇指尽量向外张开，其他四指呈现微弯，完成对大碗边缘的提起动作。,Power_Cylinder,4,91,119,121,105,93,69
手指呈半圆状，抓握住一个矿泉水瓶。,Power_Cylinder,4,148,67,121,118,126,133
目标是抓取并稳住矿泉水瓶，确保瓶口朝上，握力稳定。,Power_Cylinder,4,148,67,121,118,126,133
食指和中指微弯，无名指与小指保持轻微弯曲，同时拇指对瓶体施加稳固的握力以防滑。,Power_Cylinder,4,148,67,121,118,126,133
把水瓶抓稳，确保瓶身被三根手指包裹，拇指对着对侧以形成夹持。,Power_Cylinder,4,148,67,121,118,126,133
拇指与食指形成一个圆弧状的夹握，其余三指略微弯曲以包裹瓶身。,Power_Cylinder,4,148,67,121,118,126,133
把矿泉水瓶稳稳握住，确保半圆状的指尖贴合瓶侧，防止滑落。,Power_Cylinder,4,148,67,121,118,126,133
用拇指、食指和中指呈半圆状包裹瓶身，其他两指轻微屈曲以提供支撑。,Power_Cylinder,4,148,67,121,118,126,133
以半圆形的指尖弧度紧握瓶身，拇指与食指对面形成稳固夹持，保持直立姿态。,Power_Cylinder,4,148,67,121,118,126,133
让手指呈半圆抓握矿泉水瓶，拇指与无名指相对，中指参与支撑，保持稳定。,Power_Cylinder,4,148,67,121,118,126,133
把瓶子牢牢抓住，指尖弯曲呈半圆，拇指与食指在对侧形成紧密夹持。,Power_Cylinder,4,148,67,121,118,126,133
以半圆状指弧包覆瓶身，三指配合形成稳定抓握，同时确保手腕舒展,Power_Cylinder,4,148,67,121,118,126,133
模拟用力捏扁一个易拉罐的满手抓握。,Power_Cylinder,4,164,41,125,125,134,144
专注于完成抓取易拉罐的任务，不涉及具体手指名称，只描述抓握的物体状态。,Power_Cylinder,4,164,41,125,125,134,144
把手指的组合调整为能稳稳握住易拉罐的状态，使杯口和侧壁的受力均匀。,Power_Cylinder,4,164,41,125,125,134,144
用力将易拉罐挤压成扁平状，确保整只手都参与压缩动作以完成任务。,Power_Cylinder,4,164,41,125,125,134,144
用力捏扁易拉罐，保持手掌整体受力，指间张力以达到压缩目标。,Power_Cylinder,4,164,41,125,125,134,144
把易拉罐捏压到扁平，手的力量均匀传递到容器表面以实现变形。,Power_Cylinder,4,164,41,125,125,134,144
用手掌的力量把罐身压扁，确保抓握稳固并完成挤压动作。,Power_Cylinder,4,164,41,125,125,134,144
用普通的握拳动作对准易拉罐进行挤压，使罐身逐渐变薄并扁平。,Power_Cylinder,4,164,41,125,125,134,144
把罐子按压成扁平形状，整只手配合来实现均匀压缩的效果。,Power_Cylinder,4,164,41,125,125,134,144
以自然的施力方式将易拉罐压扁，手部肌肉群协同完成抓握与挤压。,Power_Cylinder,4,164,41,125,125,134,144
集中力量牢牢包裹住易拉罐，逐步压扁直至达到所需的变形程度。,Power_Cylinder,4,164,41,125,125,134,144
四根手指的指尖抵在掌根上，大拇指侧展，做半握拳状。,Gesture_Fist,1,51,172,0,0,0,0
目标是抓取小物体，需要将手指状态调整到稳定的半握姿态，确保物体受控。,Gesture_Fist,1,51,172,0,0,0,0
把食指、中指、无名指和小指的指尖抵在掌心边缘，拇指向外侧张开，形成半握态。,Gesture_Fist,1,51,172,0,0,0,0
四指指尖抵在掌根处，同时大拇指向外侧微张，保持半握握力。,Gesture_Fist,1,51,172,0,0,0,0
让四根手指尖端贴近掌根，拇指外展成半握的姿势。,Gesture_Fist,1,51,172,0,0,0,0
目标动作是把四指指尖压在掌心边缘，拇指向外侧展开，呈半握状态。,Gesture_Fist,1,51,172,0,0,0,0
将拇指侧展，大拇指与掌心之间形成半握的闭合感，其余四指指尖轻贴掌根。,Gesture_Fist,1,51,172,0,0,0,0
让四指指尖抵住掌根，拇指向外侧伸展，形成不完全闭合的握持。,Gesture_Fist,1,51,172,0,0,0,0
把拇指向外扩展，其余四指的指尖抵在掌根，呈现半握的手势。,Gesture_Fist,1,51,172,0,0,0,0
指尖依次贴近掌心边缘，拇指向外侧张开，整体呈半握拳的姿态。,Gesture_Fist,1,51,172,0,0,0,0
把拇指往外侧伸展，其它四指的尖端贴合在掌根处，构成半握的姿势。,Gesture_Fist,1,51,172,0,0,0,0
模拟紧紧抓住一根竖直的绳子。,Power_Cylinder,4,21,234,0,0,0,0
目标是抓紧一根竖直绳子，确保绳子不滑落且被牢固固定。,Power_Cylinder,4,21,234,0,0,0,0
用拇指和指尖紧紧夹住绳子，确保绳子在竖直方向上不晃动。,Power_Cylinder,4,21,234,0,0,0,0
用手指弯曲的方式对绳子进行夹持，保持绳子垂直且被牢固握住。,Power_Cylinder,4,21,234,0,0,0,0
让拇指、食指和中指形成夹握点，十指紧扣绳子，保持竖直状态。,Power_Cylinder,4,21,234,0,0,0,0
把绳子稳稳握住，确保绳身没有滑出掌心的趋势。,Power_Cylinder,4,21,234,0,0,0,0
用所有指头紧紧包裹绳子，使之在竖直方向保持不动并且不易滑落。,Power_Cylinder,4,21,234,0,0,0,0
让手指逐步收紧，直到绳子被平稳地夹住且不被拉动。,Power_Cylinder,4,21,234,0,0,0,0
拇指与其他四指形成牢固的夹持，确保竖直绳子被稳稳抓牢。,Power_Cylinder,4,21,234,0,0,0,0
用指关节靠拢，绳子被紧紧挤压在掌心，竖向受力区域保持稳定。,Power_Cylinder,4,21,234,0,0,0,0
保持拇指与指尖形成的夹持点，将绳子牢牢控制在垂直方向上，防止滑动。,Power_Cylinder,4,21,234,0,0,0,0
张开手掌，手指微微弯曲，模拟拍篮球前的手势。,Power_Sphere,12,217,229,250,250,250,250
目标对象是手部动作，完全张开手掌并保持适度紧凑的指尖姿态以准备抓取。,Power_Sphere,12,217,229,250,250,250,250
将拇指、食指、中指、无名指和小指都微微弯曲，形成一个自然的抓取准备姿势，但不要指关节过度弯曲。,Power_Sphere,12,217,229,250,250,250,250
把手掌张开但指尖微缩成轻轻拢拢的状态，像在等待对方球来临的姿态。,Power_Sphere,12,217,229,250,250,250,250
拇指略微内收，其他四指微微屈曲，保持手掌张开但指尖不直立，仿佛随时准备接球。,Power_Sphere,12,217,229,250,250,250,250
让手掌扩展成开阔的掌面，同时五指保持轻微弯曲，以迎接篮球前拍的预备动作。,Power_Sphere,12,217,229,250,250,250,250
五指接近直立但仍轻微弯曲，手掌呈展开状态，像准备用力传球的前置姿态。,Power_Sphere,12,217,229,250,250,250,250
五指微微弯曲，掌心向上张开，保持一个准备接触球的姿势。,Power_Sphere,12,217,229,250,250,250,250
手指自然弯曲，掌心张开呈扇形，模拟正要接触篮球前的缓冲姿势。,Power_Sphere,12,217,229,250,250,250,250
把手张开成平展的掌面，指尖略微弯曲，像是在做一个即将拍球的准备动作。,Power_Sphere,12,217,229,250,250,250,250
让手掌保持完全张开基调，但每根手指都带有轻微的弯曲，呈现出自然的拍球前姿势。,Power_Sphere,12,217,229,250,250,250,250
模拟用拇指和食指握着一把刷子准备刷墙的姿势。,Precision_Lateral,11,71,201,80,250,250,250
只需要完成握住工具的准备动作，让刷子处于可用状态即可。,Precision_Lateral,11,71,201,80,250,250,250
将大拇指和食指以稳固的抓握扭转成对刷子的支撑姿态，其他指不参与力的弯曲。,Precision_Lateral,11,71,201,80,250,250,250
用拇指和食指夹紧刷柄，保持指节略微弯曲，腕部保持自然位置。,Precision_Lateral,11,71,201,80,250,250,250
把拇指和食指收紧刷柄，其余手指保持放松，准备施力刷墙。,Precision_Lateral,11,71,201,80,250,250,250
拇指与食指对夹，刷柄贴附掌心，手腕微微外展，像要推动刷子前进。,Precision_Lateral,11,71,201,80,250,250,250
以拇指和食指为主握紧工具，手掌形成稳固的支点，刷子可用于墙面清洁。,Precision_Lateral,11,71,201,80,250,250,250
将拇指与食指对握，托起并稳定刷柄，其他指尖稍微张开以增加支撑。,Precision_Lateral,11,71,201,80,250,250,250
用拇指和食指夹紧刷柄，手掌保持平面，准备向前推出刷子。,Precision_Lateral,11,71,201,80,250,250,250
以拇指和食指为核心的握持姿态，刷头略微抬起，确保刷毛能触及墙面。,Precision_Lateral,11,71,201,80,250,250,250
拇指与食指保持紧扣，刷柄在掌心稳稳托住，手腕保持中性姿态以便推进刷墙。,Precision_Lateral,11,71,201,80,250,250,250
用力攥紧一块海绵，所有手指弯曲到底。,Power_Cylinder,4,211,255,0,0,0,0
目标是紧紧抓住海绵，确保海绵被牢牢夹持，指尖处于稳定受力状态。,Power_Cylinder,4,211,255,0,0,0,0
将拇指、食指、中指、无名指和小指全部蜷曲至最内侧，让海绵被牢固包裹。,Power_Cylinder,4,211,255,0,0,0,0
把手握紧海绵，五指全部弯到尽头，保持力量传导到海绵表面。,Power_Cylinder,4,211,255,0,0,0,0
像要捏碎海绵一样，指尖全部弯曲到底，卡紧物体。,Power_Cylinder,4,211,255,0,0,0,0
用力握住海绵，所有手指按顺序弯曲至最大角度，形成稳定夹持。,Power_Cylinder,4,211,255,0,0,0,0
用力收拢五指，海绵被指关节完全覆盖并受力均匀。,Power_Cylinder,4,211,255,0,0,0,0
把海绵捏紧，五指从根到尖全部弯到尽头，指背紧贴掌心。,Power_Cylinder,4,211,255,0,0,0,0
以海绵为抓握目标，手指全部弯曲到底并用力压实。,Power_Cylinder,4,211,255,0,0,0,0
五指合拢，拇指与其他指尖同时向内弯曲，直至触及掌根，以实现牢固抓握。,Power_Cylinder,4,211,255,0,0,0,0
紧握海绵，手指按从大到小依次弯曲到底，确保海绵受力均匀且不滑出。,Power_Cylinder,4,211,255,0,0,0,0
手掌扁平张开，大拇指紧贴侧边，模拟准备和别人击掌。,Gesture_Social,5,17,255,255,255,255,255
目标是完成击掌动作，保持手掌扁平并张开，准备与对方击掌。,Gesture_Social,5,17,255,255,255,255,255
两手掌心朝向对方，掌面扁平张开，拇指靠在侧边，等待击掌时瞬间接触。,Gesture_Social,5,17,255,255,255,255,255
保持手掌扁平并张开，拇指紧贴侧边，准备迎接击掌的接触。,Gesture_Social,5,17,255,255,255,255,255
让手掌保持平整张开，拇指贴在指侧，像在准备和人握手的那一刻。,Gesture_Social,5,17,255,255,255,255,255
两只手掌扁平摊开，拇指紧贴边缘，模拟准备击掌的姿势。,Gesture_Social,5,17,255,255,255,255,255
张开手掌，拇指贴着侧边，像要和某人击掌前的状态。,Gesture_Social,5,17,255,255,255,255,255
手掌摊平并张开，拇指贴在掌侧边，随时准备与对方击掌。,Gesture_Social,5,17,255,255,255,255,255
保持扁平张开的掌心，拇指紧贴外侧，仿佛正要击掌。,Gesture_Social,5,17,255,255,255,255,255
让手掌张开成扁平状态，拇指紧挨侧面，等待击掌的瞬间。,Gesture_Social,5,17,255,255,255,255,255
手掌平展地张开，拇指贴在边缘，准备与对方进行击掌动作。,Gesture_Social,5,17,255,255,255,255,255
模拟手里正握着一部智能手机的样子。,Power_Cylinder,4,46,207,205,162,122,95
聚焦完成抓取手机的任务，将手机保持在可用的抓握状态。,Power_Cylinder,4,46,207,205,162,122,95
把食指、中指、无名指和小指微微弯曲成稳定的握持，拇指保持对手机的方向控制。,Power_Cylinder,4,46,207,205,162,122,95
用日常口语描述：就像要把手机稳稳抓住，别让它滑出去。,Power_Cylinder,4,46,207,205,162,122,95
像握着一部手机的姿势，拇指压在屏幕边缘，其余手指轻微贴合背部，形成稳定的抓取。,Power_Cylinder,4,46,207,205,162,122,95
把手指放松成自然握持，指尖包覆手机四周，拇指撑在屏幕一侧，准备操作。,Power_Cylinder,4,46,207,205,162,122,95
大拇指贴近屏幕，其他四指向掌心汇聚，形成像握手机的姿势，确保不松手。,Power_Cylinder,4,46,207,205,162,122,95
把手弯曲得像抱着一个物体，拇指在上方覆盖屏幕，其他指尖在背部贴合。,Power_Cylinder,4,46,207,205,162,122,95
手机被握在掌心，腕部保持自然，拇指可轻触屏幕以准备输入。,Power_Cylinder,4,46,207,205,162,122,95
就像随时要接电话一样，指尖紧贴手机周围，拇指在屏幕区域略作触控准备。,Power_Cylinder,4,46,207,205,162,122,95
把手机稳稳地握在手里，五指环抱，拇指可轻触屏幕以切换应用。,Power_Cylinder,4,46,207,205,162,122,95
拇指和食指大张开，其他手指托底，模拟拿着一个汉堡。,Power_Cylinder,4,109,115,218,229,213,188
将手指定住在抓物状态，保持拇指和食指张开，其它手指下压托住底部，像握住一个汉堡那样。,Power_Cylinder,4,109,115,218,229,213,188
目标是抓取一个汉堡，用拇指和食指张开来包裹上部，中指、无名指和小指稳稳托底即可。,Power_Cylinder,4,109,115,218,229,213,188
以完成拿取汉堡为目标，拇指和食指张开成弧形，其余三指轻轻贴托下方以支撑。,Power_Cylinder,4,109,115,218,229,213,188
保持拇指与食指张开形成夹持口，其他三指保持贴底支撑，仿佛在拿一个汉堡。,Power_Cylinder,4,109,115,218,229,213,188
"为了拿到汉堡，先让大拇指和食指分开成60度左右，另外三指向下承托。
",Power_Cylinder,4,109,115,218,229,213,188
拇指和食指伸展成夹持态，剩下的三根手指稍微贴在掌心底部，像在托着一个汉堡。,Power_Cylinder,4,109,115,218,229,213,188
以完成汉堡抓取为任务，让拇指和食指张开成对夹，其他三指向下抵住物体底部。,Power_Cylinder,4,109,115,218,229,213,188
让大拇指和食指呈张开状态，三根其它手指向下托住，像是在稳稳握住一个汉堡。,Power_Cylinder,4,109,115,218,229,213,188
聚焦抓取汉堡的目标，拇指和食指张开形成夹持，其他三指贴底以提供支撑。,Power_Cylinder,4,109,115,218,229,213,188
为拿汉堡而设的姿态：拇指与食指打开成夹持形态，其余三指贴在下方托住物件的底部。,Power_Cylinder,4,109,115,218,229,213,188
手指稍微分开并弯曲，模拟打字时悬停在键盘上的状态。,Extent_Half,3,73,255,190,190,190,190
将目标对准键盘区域，手指略微分开并保持弯曲，仿佛在悬停准备敲击。,Extent_Half,3,73,255,190,190,190,190
拇指和其它指尖保持自然分开，但指节仍微微弯曲，好像正在打字。,Extent_Half,3,73,255,190,190,190,190
指尖彼此有轻微距离，保持弯曲状态，就像在键盘上悬停准备输入。,Extent_Half,3,73,255,190,190,190,190
让手指略微分开，保持自然弯曲，仿佛正在键盘上移动但未落下。,Extent_Half,3,73,255,190,190,190,190
让每根手指保持轻微分离，同时维持轻微弯曲，处于打字时的悬停姿态。,Extent_Half,3,73,255,190,190,190,190
把手指以轻微分开的位置摆好，指关节微微弯曲，像在键盘上等待按下。,Extent_Half,3,73,255,190,190,190,190
指尖保持微微分离，关节轻微弯曲，模拟在键盘上悬停的状态。,Extent_Half,3,73,255,190,190,190,190
保持指尖略分开、指节微弯的姿态，仿佛正在打字前的准备阶段。,Extent_Half,3,73,255,190,190,190,190
手指略微分开，保持弯曲，呈现出在键盘上悬停的打字准备姿态。,Extent_Half,3,73,255,190,190,190,190
指甲面朝下，指尖轻微分离并略微弯曲，像是在键盘上游走但尚未落键。,Extent_Half,3,73,255,190,190,190,190
模拟反手抓着一个水杯的底部。,Power_Cylinder,4,1,255,111,114,110,88
将手反转，抓住水杯底部的位置完成抓取。,Power_Cylinder,4,1,255,111,114,110,88
以反手姿态把水杯的底部稳稳夹起，确保不滑落。,Power_Cylinder,4,1,255,111,114,110,88
反手动作下，以杯底为抓取点进行抓取。,Power_Cylinder,4,1,255,111,114,110,88
用反手攫取水杯底部，保持夹持直到任务结束。,Power_Cylinder,4,1,255,111,114,110,88
以反手抓取的方式定位杯底并牢牢握紧。,Power_Cylinder,4,1,255,111,114,110,88
通过反向手掌的抓取，确保杯底被稳定夹持。,Power_Cylinder,4,1,255,111,114,110,88
采用反手抓取，目标是杯底并实现稳固握持。,Power_Cylinder,4,1,255,111,114,110,88
用反手的姿势将水杯的底部横向挤压并提起。,Power_Cylinder,4,1,255,111,114,110,88
以反手抓取的角度，先找准杯底再完成握取。,Power_Cylinder,4,1,255,111,114,110,88
在反手姿态下对准杯底并完成稳固的夹持与提升。,Power_Cylinder,4,1,255,111,114,110,88
四根手指弯曲一半，大拇指侧展，准备拉开抽屉。,Power_Cylinder,4,146,197,0,0,0,0
目标是完成拉开抽屉的动作，请把状态调整为指尖向内，保持桌面物体清晰可取。,Power_Cylinder,4,146,197,0,0,0,0
将四根手指弯曲到一半，拇指稍微外展，准备握住抽屉把手并拉开。,Power_Cylinder,4,146,197,0,0,0,0
把四指弯曲到中等角度，拇指外展，目标是抓住抽屉并向外拉。,Power_Cylinder,4,146,197,0,0,0,0
让四指保持半屈曲，拇指侧展，准备对抽屉进行拉动以打开。,Power_Cylinder,4,146,197,0,0,0,0
手指保持半弯，拇指稍外张，目标是从侧面扳动抽屉把手。,Power_Cylinder,4,146,197,0,0,0,0
四指在中等角度弯曲，拇指向外展，准备对抽屉执行拉动动作。,Power_Cylinder,4,146,197,0,0,0,0
把四根手指弯曲到一半，拇指略向外张，目标是松动并拉开抽屉。,Power_Cylinder,4,146,197,0,0,0,0
四指半屈，拇指侧展，冲着抽屉把手做好抓取准备。,Power_Cylinder,4,146,197,0,0,0,0
让四指处于半弯状态，拇指向外扩展，准备拉开抽屉以获取内部物品。,Power_Cylinder,4,146,197,0,0,0,0
保持四指半弯，拇指外展，目标是稳稳握住并拉动抽屉开口。,Power_Cylinder,4,146,197,0,0,0,0
把手掌微微窝起来，模拟接住天上掉下来的水滴。,Power_Sphere,12,149,255,213,225,215,203
目标是接住天上掉下来的水滴，手掌微微弯曲成容纳的姿态。,Power_Sphere,12,149,255,213,225,215,203
让手掌轻微拢起，像在等待要滴下的一滴水，准备接住。,Power_Sphere,12,149,255,213,225,215,203
把手掌稍微向内收，形成一个小小的碗状，接住水滴的动作就位。,Power_Sphere,12,149,255,213,225,215,203
手心略微收拢成接水的形状，准备承接来自上方的水滴。,Power_Sphere,12,149,255,213,225,215,203
保持手掌轻微弯曲，像要捧起空气中的水滴一样的姿态。,Power_Sphere,12,149,255,213,225,215,203
将拇指与指尖轻轻合拢，形成一个容纳水滴的空间，手腕保持稳定。,Power_Sphere,12,149,255,213,225,215,203
用手掌的弧度模拟捧水的动作，指尖自然贴合，不强制伸直。,Power_Sphere,12,149,255,213,225,215,203
让五指略微聚合成一个柔和的托水形态，目标是接住从天而降的水滴。,Power_Sphere,12,149,255,213,225,215,203
手掌保持轻微内收的姿态，像要接住一滴即将落下的水分。,Power_Sphere,12,149,255,213,225,215,203
以轻盈的弯曲让手掌成为透明的接水托盘，准备捉住落下的水滴。,Power_Sphere,12,149,255,213,225,215,203
模拟握着一根很粗的麻绳的姿态。,Power_Cylinder,4,58,167,21,29,28,1
专注于完成握持动作，保持对牢固抓握的目标，而不描述具体物体。,Power_Cylinder,4,58,167,21,29,28,1
拧紧二指、拇指和中指，使指尖形成紧密的夹握以确保绳索不滑脱。,Power_Cylinder,4,58,167,21,29,28,1
用普通口语描述：像要抓紧一根粗绳，手指都紧绷，绳子不松也不让它滑。,Power_Cylinder,4,58,167,21,29,28,1
把手握紧，像要把一根粗绳稳稳地攥死死地，指间肌肉绷紧。,Power_Cylinder,4,58,167,21,29,28,1
握住粗绳的姿态就像把绳子捏成一个结实的抓握，没有松散。,Power_Cylinder,4,58,167,21,29,28,1
以拇指、食指和中指形成夹持，环指和小指保持轻微弯曲，确保绳索牢固。,Power_Cylinder,4,58,167,21,29,28,1
嘿，先把拇指和食指对齐形成夹持点，其余手指自然贴合以增强抓力。,Power_Cylinder,4,58,167,21,29,28,1
让手指像钳子一样弯曲，拇指对着绳子的一侧，其他指尖紧贴另一侧。,Power_Cylinder,4,58,167,21,29,28,1
就像在给绳子一个坚实的拥抱，指尖微微内收，掌心用力向内。,Power_Cylinder,4,58,167,21,29,28,1
描述略带环境感：在桌边握着粗绳，手指逐根按紧，绳索被牢牢握住，避免滑落。,Power_Cylinder,4,58,167,21,29,28,1
只把食指完全伸直，其余手指全部弯曲握住。,Single_Index,6,13,255,255,0,0,0
 Focus on goal: 仅让食指完全伸直，其它手指保持握拳状态，不涉及具体指节描述。,Single_Index,6,13,255,255,0,0,0
仅让食指伸直，其余三根手指保持弯曲并紧握物体。,Single_Index,6,13,255,255,0,0,0
把食指抬直到最大，其它手指仍然紧握成拳头的姿势。,Single_Index,6,13,255,255,0,0,0
让食指笔直伸出，其它手指保持握紧状态，保持稳固的抓取。,Single_Index,6,13,255,255,0,0,0
食指完全伸直，其余手指全部收拢成握拳姿态。,Single_Index,6,13,255,255,0,0,0
用食指的直线伸展作为抓取点，其余手指保持弯曲并紧扣。,Single_Index,6,13,255,255,0,0,0
专注让食指伸直，其他手指保持握紧的姿态以确保抓稳。,Single_Index,6,13,255,255,0,0,0
让食指直立伸出，其它手指维持卷曲并固定在握物姿势。,Single_Index,6,13,255,255,0,0,0
食指保持伸直，其余手指保持握拳以维持抓取力。,Single_Index,6,13,255,255,0,0,0
仅让食指伸直成线，其它手指继续紧握，保持稳定抓取。,Single_Index,6,13,255,255,0,0,0
只有小拇指单独弯曲到底，其他四根手指保持伸展。,Single_Ring,13,250,250,250,250,250,0
只让小拇指向内弯曲到底，其它四根手指保持伸直。,Single_Ring,13,250,250,250,250,250,0
将小拇指独自弯曲到最大弯曲度，其余四指保持笔直状态。,Single_Ring,13,250,250,250,250,250,0
让小拇指单独进入最小半径弯曲，其它手指全都保持伸展。,Single_Ring,13,250,250,250,250,250,0
小拇指单独折弯到底，其他四根手指保持拉直。,Single_Ring,13,250,250,250,250,250,0
只让小拇指完成完整的弯曲，副指不参与弯曲，保持伸展。,Single_Ring,13,250,250,250,250,250,0
把小拇指往内弯到尽头，其他四指保持完全伸直的姿态。,Single_Ring,13,250,250,250,250,250,0
小拇指独自进入最大弯曲点，其余四指保持直立状态。,Single_Ring,13,250,250,250,250,250,0
让小拇指单独折弯到底部，其它四根手指保持伸展不动。,Single_Ring,13,250,250,250,250,250,0
仅让小拇指进入全弯曲位置，其他手指保持伸直不变。,Single_Ring,13,250,250,250,250,250,0
只需小拇指弯曲到底，其他四指保持笔直如初态。,Single_Ring,13,250,250,250,250,250,0
仅仅把大拇指往掌心方向侧摆，不要做任何弯曲动作。,Single_Thumb,2,250,0,250,250,250,250
聚焦任务：让大拇指向掌心方向侧摆至指定角度，完成调整即可，不涉及其它手指的弯曲。,Single_Thumb,2,250,0,250,250,250,250
只需要把大拇指往掌心方向侧摆，保持其余手指完全伸直，不进行任何弯曲。,Single_Thumb,2,250,0,250,250,250,250
让大拇指向手掌中心方向偏移，尽量贴近掌心，其他手指保持原位不动。,Single_Thumb,2,250,0,250,250,250,250
将大拇指向掌心方向轻轻偏向，不要产生任何弯曲或拉伸，确保整只手放松。,Single_Thumb,2,250,0,250,250,250,250
目标是让大拇指朝向掌心一侧平移，保持手掌与其他指关节的状态不变。,Single_Thumb,2,250,0,250,250,250,250
把大拇指朝着掌心方向侧向移动，严格避免任何弯曲或指节变化。,Single_Thumb,2,250,0,250,250,250,250
只进行大拇指的侧向移动，朝掌心方向对齐，其他指头保持未动。,Single_Thumb,2,250,0,250,250,250,250
让大拇指沿掌心方向横向偏移，确保没有任何弯曲动作发生。,Single_Thumb,2,250,0,250,250,250,250
将大拇指向掌心方向侧摆到位，保持剩余四指的自然伸直状态。,Single_Thumb,2,250,0,250,250,250,250
以大拇指为唯一活动肢，向掌心方向侧摆，勿对其它指节做任何改变。,Single_Thumb,2,250,0,250,250,250,250
把无名指和小拇指一起弯曲收回掌心，保留前三指张开。,Gesture_Social,5,250,250,250,250,0,0
聚焦任务目标，让无名指与小拇指同时向掌心弯曲收回，保持大拇指、食指和中指张开即可。,Gesture_Social,5,250,250,250,250,0,0
把无名指和小拇指弯曲并收回到掌心，其他三根手指保持伸展，完成目标抓取位置。,Gesture_Social,5,250,250,250,250,0,0
将无名指和小拇指向掌心折叠收回，前部的三根手指保持伸直状态以待目标对象。,Gesture_Social,5,250,250,250,250,0,0
无名指与小拇指一起向掌心弯折，三指保持展开，达到准备抓取的姿态。,Gesture_Social,5,250,250,250,250,0,0
让无名指和小拇指并拢并收回到掌心，保留前三指张开用于接触对象。,Gesture_Social,5,250,250,250,250,0,0
使无名指与小拇指同时屈曲收回至掌心，其他三指保持直立以完成任务。,Gesture_Social,5,250,250,250,250,0,0
将无名指和小拇指向掌心折收，三指保持展开以维持抓取间距。,Gesture_Social,5,250,250,250,250,0,0
让无名指和小拇指共同向内弯折收回，前方三指继续延展，准备执行抓取。,Gesture_Social,5,250,250,250,250,0,0
无名指和小拇指同时向掌心回卷，三指保持张开以维持对准位置。,Gesture_Social,5,250,250,250,250,0,0
把无名指和小拇指一起弯曲并收回到掌掌心，保留前三指伸展用于接触对象。,Gesture_Social,5,250,250,250,250,0,0
中指和无名指伸直，食指和小指弯曲收起。,Gesture_Social,5,250,250,0,255,255,0
聚焦于完成抓取目标：保持中指和无名指伸直，其他指头不参与动作。,Gesture_Social,5,250,250,0,255,255,0
中指与无名指保持伸展，食指与小指弯曲收起，完成目标姿态即可。,Gesture_Social,5,250,250,0,255,255,0
让中指和无名指保持笔直，其余两指卷起，任务就绪。,Gesture_Social,5,250,250,0,255,255,0
将中指和无名指直立，食指和小指收回，准备抓取目标。,Gesture_Social,5,250,250,0,255,255,0
目标是指尖在抓取线上，中指和无名指伸直，食指与小指向内折叠。,Gesture_Social,5,250,250,0,255,255,0
把中指和无名指保持伸直，其他两指自然收起，任务达成。,Gesture_Social,5,250,250,0,255,255,0
目标导向：中指与无名指保持直线，食指和小指收弯以利稳固。,Gesture_Social,5,250,250,0,255,255,0
中指和无名指直立延展，食指与小指向掌心靠拢并收起。,Gesture_Social,5,250,250,0,255,255,0
以完成抓取为目标，将中指和无名指伸直，食指和小指稍微卷起。,Gesture_Social,5,250,250,0,255,255,0
任务要求：中指与无名指保持伸直，其余两指自然合拢准备抓取。,Gesture_Social,5,250,250,0,255,255,0
只有食指往下弯曲一半，其他手指保持原样。,Single_Index,6,250,250,125,250,250,250
专注完成指尖方向的微调，食指向下弯曲到中等角度，其余手指保持当前位置。,Single_Index,6,250,250,125,250,250,250
仅让食指向下弯曲到半弯，其余四指保持直立或原位不变。,Single_Index,6,250,250,125,250,250,250
食指向下弯至中等角度，其他手指维持原有姿态，不做变化。,Single_Index,6,250,250,125,250,250,250
把食指向下折到一半的程度，其它手指保持原样。,Single_Index,6,250,250,125,250,250,250
让食指下弯到中等角度，其他手指保持不动。,Single_Index,6,250,250,125,250,250,250
仅让食指降低到半弯程度，其余五指保持原有伸展状态。,Single_Index,6,250,250,125,250,250,250
让食指向下弯半段，其他手指保持当前的张力和角度。,Single_Index,6,250,250,125,250,250,250
食指采用中等弯曲程度向下，剩余手指不改变位置。,Single_Index,6,250,250,125,250,250,250
让食指向下弯到一半，其他指头保持原状。,Single_Index,6,250,250,125,250,250,250
将食指轻微向下弯曲至中等角度，其他指头保持不变。,Single_Index,6,250,250,125,250,250,250
保持手掌全开，单独把大拇指的弯曲关节扣下来。,Single_Thumb,2,0,250,250,250,250,250
目标是让手掌保持完全张开，同时将大拇指的弯曲关节锁定在伸直状态。,Single_Thumb,2,0,250,250,250,250,250
保持手掌完全张开，大拇指的屈曲关节保持锁定，不再弯曲。,Single_Thumb,2,0,250,250,250,250,250
仅保持手掌摊平，大拇指的弯曲部分固定成直线状态。,Single_Thumb,2,0,250,250,250,250,250
以完成张手掌的目标为优先，确保大拇指其他关节不改变，弯曲关节扣直。,Single_Thumb,2,0,250,250,250,250,250
保持掌心张开，且大拇指的屈曲关节保持扣直，不能再弯曲。,Single_Thumb,2,0,250,250,250,250,250
把手掌张开到极限，同时锁定大拇指的弯曲关节，使其保持直立状态。,Single_Thumb,2,0,250,250,250,250,250
手掌完全展开，确保大拇指的关节弯曲被扣下，保持直线形态。,Single_Thumb,2,0,250,250,250,250,250
在不让手掌合拢的前提下，固定大拇指的屈曲关节，使其处于伸直位。,Single_Thumb,2,0,250,250,250,250,250
保持手掌平展，同时把大拇指的弯曲关节扣直到直线的位置。,Single_Thumb,2,0,250,250,250,250,250
让手掌保持全开，单独将大拇指的弯曲关节锁定成直线，不再弯曲。,Single_Thumb,2,0,250,250,250,250,250
只收拢中指，其他四根手指尽量张开。,Single_Middle,10,255,255,255,0,255,255
只收拢中指，其余四指尽量张开以完成任务。,Single_Middle,10,255,255,255,0,255,255
目标是将中指向内收紧，其它四根手指保持尽量伸展以便抓取物品。,Single_Middle,10,255,255,255,0,255,255
让中指向掌心靠拢，其余四指保持张开状态以待接触。,Single_Middle,10,255,255,255,0,255,255
将中指独立弯曲并收拢，其它四指保持尽量展开的姿态。,Single_Middle,10,255,255,255,0,255,255
把中指向里弯曲，其它四指保持尽可能的伸展以便保持开口。,Single_Middle,10,255,255,255,0,255,255
以中指为主力收拢，其他四指保持伸展，确保手掌开放。,Single_Middle,10,255,255,255,0,255,255
让中指先收拢，剩下的四指尽量张开，准备进行抓取。,Single_Middle,10,255,255,255,0,255,255
中指向内收，其他四指保持张开，以最大化抓取空间。,Single_Middle,10,255,255,255,0,255,255
让中指靠拢到掌心，其他四指延展保持张开状态。,Single_Middle,10,255,255,255,0,255,255
将中指单独收紧，其余四指维持尽量伸展的姿态来辅助抓取。,Single_Middle,10,255,255,255,0,255,255
除了小拇指之外，所有手指全部弯曲握紧。,Single_Ring,13,52,172,0,0,0,250
目标是让手指完成握紧动作，保持对抓取物体的稳定控制。,Single_Ring,13,52,172,0,0,0,250
大拇指保持伸直，其余四指和拇指外侧的手指全部通过弯曲来实现紧握。,Single_Ring,13,52,172,0,0,0,250
除了拇指以外的手指全部弯曲并收拢，以实现牢固的抓取姿态。,Single_Ring,13,52,172,0,0,0,250
目标是让手掌形成稳固的握力，指尖紧贴以便固定物体。,Single_Ring,13,52,172,0,0,0,250
验证抓取物体时，指尖朝向内收，拇指保持对向，其他手指完全弯曲。,Single_Ring,13,52,172,0,0,0,250
用力将除小拇指以外的手指屈曲并握紧物体表面，确保稳固抓取。,Single_Ring,13,52,172,0,0,0,250
把所有非小拇指的手指都弯曲到抓握状态，形成一个紧实的圆形握持。,Single_Ring,13,52,172,0,0,0,250
保持手指的弯曲收拢程度，确保物体在掌心被稳固夹持。,Single_Ring,13,52,172,0,0,0,250
实现抓取的姿态：小拇指之外的五指全部处于弯曲状态并紧贴物体表面。,Single_Ring,13,52,172,0,0,0,250
指尖向内收拢，除小拇指外的指头全部处于握紧位，以确保稳定抓取。,Single_Ring,13,52,172,0,0,0,250
食指和小拇指伸直，中指和无名指收回掌心。,Gesture_Social,5,250,250,255,0,0,255
专注完成任务所需的抓取状态，请保持指尖处于稳定可用的姿态。,Gesture_Social,5,250,250,255,0,0,255
将指定抓取对象固定地抬起并稳定，确保目标物体可以被清晰地夹取。,Gesture_Social,5,250,250,255,0,0,255
让目标物体处于可抓取的状态，确保手部各相关关节的位置适合收放。,Gesture_Social,5,250,250,255,0,0,255
将需要操作的对象保持在可控的抓取状态，确保物体被稳稳地握持。,Gesture_Social,5,250,250,255,0,0,255
指示要达到的抓取目标，不涉及具体手指动作，只关注物件的可抓取状态。,Gesture_Social,5,250,250,255,0,0,255
将目标物体固定在合适的姿态，便于后续操作完成任务。,Gesture_Social,5,250,250,255,0,0,255
请将目标物体保持在可执行抓取的姿态，不涉及具体指节细节的描述。,Gesture_Social,5,250,250,255,0,0,255
确保需要处理的物体处于稳定的抓取区间，任务目标明确完成物品处理。,Gesture_Social,5,250,250,255,0,0,255
让目标对象维持在可控、可取的姿态，以便顺利完成任务。,Gesture_Social,5,250,250,255,0,0,255
将抓取对象置于合适的位置与姿态，保证任务顺利进行。,Gesture_Social,5,250,250,255,0,0,255
让中指和无名指处于收回状态，食指和小拇指保持伸展，完成指定握持姿态。,Gesture_Social,5,250,250,255,0,0,255
把中指和无名指向掌心方向收回，其它手指维持当前伸展状态。,Gesture_Social,5,250,250,255,0,0,255
指示将中指与无名指收回至掌心，食指与小拇指保持伸直以完成握持任务。,Gesture_Social,5,250,250,255,0,0,255
中指与无名指向掌心靠拢，其余两指保持张开以实现所需抓取姿势。,Gesture_Social,5,250,250,255,0,0,255
将中指和无名指收拢至掌心，确保食指和小拇指继续伸展以便操作。,Gesture_Social,5,250,250,255,0,0,255
让中指和无名指合拢靠近掌心，食指与小拇指维持伸直状态。,Gesture_Social,5,250,250,255,0,0,255
将中指和无名指收回并贴近掌心，其他两指保持伸展以支持抓取。,Gesture_Social,5,250,250,255,0,0,255
中指与无名指向掌心内收，食指和小拇指保持伸直，形成所需握持形态。,Gesture_Social,5,250,250,255,0,0,255
将中指与无名指向掌心折回，其余指保持直立以完成任务。,Gesture_Social,5,250,250,255,0,0,255
中指和无名指收回至掌心，食指与小拇指继续伸展，确保抓取姿态正确。,Gesture_Social,5,250,250,255,0,0,255
大拇指侧摆到底并且弯曲，其他四根手指完全笔直。,Single_Thumb,2,0,0,255,255,255,255
目标要完成抓取任务，保持目标物体稳定，拇指侧摆到底并轻微弯曲，其余四指保持笔直以便抓取。,Single_Thumb,2,0,0,255,255,255,255
拇指向内侧压到尽头并微微屈曲，其它四指完全伸直，形成稳定的抓握姿态。,Single_Thumb,2,0,0,255,255,255,255
目标是握取某个物体，请将拇指往内侧压到最低点并弯曲，另外四指保持直线状态。,Single_Thumb,2,0,0,255,255,255,255
拇指贴近掌面并弯曲到底，其他四指保持完全伸直，以便牢固抓取。,Single_Thumb,2,0,0,255,255,255,255
需要完成抓取动作，请把拇指压向掌心的极限并弯曲，其余四指保持伸直。,Single_Thumb,2,0,0,255,255,255,255
拇指向掌心一侧压到底部并微微弯曲，四指保持笔直以利于抓持。,Single_Thumb,2,0,0,255,255,255,255
为达成抓物目标，拇指沿内侧压到尽头并弯曲，其余四指保持完全伸展。,Single_Thumb,2,0,0,255,255,255,255
用力将拇指向内侧压到底并略有屈曲，其他四指保持直线的不弯曲状态。,Single_Thumb,2,0,0,255,255,255,255
拇指侧朝内并尽量弯曲到底，其它四指保持笔直，不参与屈曲。,Single_Thumb,2,0,0,255,255,255,255
完成抓取动作时请将拇指压向末端并弯曲，其他四指保持伸直以提供支撑。,Single_Thumb,2,0,0,255,255,255,255
只让无名指稍微弯曲一点点。,Single_Pinky,14,250,250,250,250,200,250
将无名指轻微向内弯曲，保持其他指头不动即可。,Single_Pinky,14,250,250,250,250,200,250
让无名指微微弯曲一点点，其他四指保持直立状态。,Single_Pinky,14,250,250,250,250,200,250
轻轻让无名指稍作屈曲，确保其余指尖保持伸直。,Single_Pinky,14,250,250,250,250,200,250
将无名指以极小幅度向掌心方向弯折，保持手掌开放。,Single_Pinky,14,250,250,250,250,200,250
让无名指只做微小的屈曲，其他指头保持原位。,Single_Pinky,14,250,250,250,250,200,250
把无名指轻轻地往内侧弯一点点，其余指头维持直线状态。,Single_Pinky,14,250,250,250,250,200,250
让无名指出现很小的弯曲，其他四个手指基本不变。,Single_Pinky,14,250,250,250,250,200,250
将无名指以几近未变的角度轻微弯曲，保持手型稳定。,Single_Pinky,14,250,250,250,250,200,250
无名指仅做极细微的屈曲，其余指头保持伸直。,Single_Pinky,14,250,250,250,250,200,250
轻度弯曲无名指一点点，其他手指保持原来位置不变。,Single_Pinky,14,250,250,250,250,200,250
保持握拳状态，仅仅把大拇指往外展开。,Single_Thumb,2,250,250,0,0,0,0
目标就是保持握拳，只把大拇指往外展开，其他手指保持握紧状态。,Single_Thumb,2,250,250,0,0,0,0
只需要让大拇指向外伸展，其余四指保持握拳不动。,Single_Thumb,2,250,250,0,0,0,0
把大拇指往外展开到一定角度，其余指节保持握拳状态。,Single_Thumb,2,250,250,0,0,0,0
保持拳态不变，只让大拇指横向外翻展开。,Single_Thumb,2,250,250,0,0,0,0
在不改变其他指的前提下，大拇指向外张开，尽量伸出就好。,Single_Thumb,2,250,250,0,0,0,0
大拇指向外展开，其他手指保持握紧，保持原有拳型。,Single_Thumb,2,250,250,0,0,0,0
让大拇指向外旋转并伸展，其他指头保持卷拳状态。,Single_Thumb,2,250,250,0,0,0,0
仅通过外展大拇指来放松，保持剩下指头的握紧姿势。,Single_Thumb,2,250,250,0,0,0,0
大拇指外展到位，其余五指保持不动的握拳姿态。,Single_Thumb,2,250,250,0,0,0,0
保持拳头不变，只让大拇指向外伸出，达到外展的效果。,Single_Thumb,2,250,250,0,0,0,0
保持握拳状态，仅仅把食指和小指伸出来。,Gesture_Social,5,42,193,255,0,0,255
保持握拳状态，只让食指和小指伸直即可。,Gesture_Social,5,42,193,255,0,0,255
在保持拳头不变的前提下，只有食指和小指伸直，其余手指保持握拳。,Gesture_Social,5,42,193,255,0,0,255
请让食指和小指伸出，其它手指保持紧握态势。,Gesture_Social,5,42,193,255,0,0,255
让食指与小指伸直，其余三指保持握紧不变。,Gesture_Social,5,42,193,255,0,0,255
保持拳头姿势，仅将食指和小指拉直即可。,Gesture_Social,5,42,193,255,0,0,255
维持握拳状态，只把食指和小指竖直伸展。,Gesture_Social,5,42,193,255,0,0,255
在拳头不放开的情况下，仅让食指和小指伸出，其他指头维持弯曲。,Gesture_Social,5,42,193,255,0,0,255
请把食指和小指伸展成直线，其它手指保持握拳形态。,Gesture_Social,5,42,193,255,0,0,255
保持当前握拳结构，只打开食指和小指，其他指头不动。,Gesture_Social,5,42,193,255,0,0,255
让食指和小指展开成直线，其余手指保持握拳状态。,Gesture_Social,5,42,193,255,0,0,255
只有食指和中指微微弯曲，其他手指保持伸直。,Extent_Slight,7,255,255,200,200,255,255
只让食指和中指轻微弯曲，其他指头保持伸直即可完成目标。,Extent_Slight,7,255,255,200,200,255,255
将食指和中指微微弯曲，剩余三指保持伸直，完成指定动作。,Extent_Slight,7,255,255,200,200,255,255
食指与中指做轻微弯曲，其它指头保持直立状态来执行任务。,Extent_Slight,7,255,255,200,200,255,255
保持其余手指伸直，只让食指和中指轻微弯曲来接近目标姿态。,Extent_Slight,7,255,255,200,200,255,255
让食指和中指微微弯曲，其他指头保持笔直的状态。,Extent_Slight,7,255,255,200,200,255,255
仅对食指和中指做小幅度弯曲，其他指头保持伸展以实现目标。,Extent_Slight,7,255,255,200,200,255,255
把食指和中指稍微弯一下，剩下的手指保持完全伸直。,Extent_Slight,7,255,255,200,200,255,255
食指和中指轻微屈曲，其他指头保持伸直，按要求完成动作。,Extent_Slight,7,255,255,200,200,255,255
让食指和中指进行微小弯曲，其他五根指头保持笔直,Extent_Slight,7,255,255,200,200,255,255
保持除了食指和中指以外的指头完全伸直，只让食指和中指做轻微弯曲,Extent_Slight,7,255,255,200,200,255,255
食指保持不动，把中指、无名指和小指稍稍弯曲。,Extent_Slight,7,250,250,250,200,200,200
保持食指不动，其他三根手指稍微弯曲以形成轻微弯曲的姿态。,Extent_Slight,7,250,250,250,200,200,200
食指保持直立，其它三指稍微向内弯折，形成轻度屈曲。,Extent_Slight,7,250,250,250,200,200,200
将中指、无名指和小指轻轻向内弯曲，但不改变食指的直立状态。,Extent_Slight,7,250,250,250,200,200,200
食指保持原位，中指、无名指和小指做出轻微的弯曲动作。,Extent_Slight,7,250,250,250,200,200,200
让食指保持固定，其他三指微微弯曲，形成柔和的屈手姿态。,Extent_Slight,7,250,250,250,200,200,200
食指保持不动，三根副指轻微向掌心方向弯折。,Extent_Slight,7,250,250,250,200,200,200
不动食指，中指、无名指和小指以很小的角度向内弯曲。,Extent_Slight,7,250,250,250,200,200,200
保持食指的姿态不变，其他三指轻微向内屈曲。,Extent_Slight,7,250,250,250,200,200,200
食指保持原位，其它三指慢慢向内弯成轻微的弯曲。,Extent_Slight,7,250,250,250,200,200,200
食指保持不动，中指、无名指和小指微微地向内弯曲，保持放松状态。,Extent_Slight,7,250,250,250,200,200,200
只有大拇指和食指保持活动张开，后面三指死死扣在掌心。,Precision_Pinch_2,8,250,250,250,0,0,0
目标是让大拇指和食指保持张开，其他三指固定扣在掌心，完成抓取前提条件。,Precision_Pinch_2,8,250,250,250,0,0,0
仅让大拇指和食指保持伸展，其余三指保持卷扣在掌心的位置。,Precision_Pinch_2,8,250,250,250,0,0,0
让大拇指和食指持续张开，其他三指紧扣掌心以稳定抓握姿态。,Precision_Pinch_2,8,250,250,250,0,0,0
大拇指和食指保持打开，剩下三指紧贴掌心不发力。,Precision_Pinch_2,8,250,250,250,0,0,0
尽量让拇指和食指维持张开状态，三指保持扣在掌心的姿势。,Precision_Pinch_2,8,250,250,250,0,0,0
只要大拇指和食指处于伸展，其他三指牢牢扣在掌心。,Precision_Pinch_2,8,250,250,250,0,0,0
保持大拇指与食指张开，三指则死死扣在掌心，不参与动作。,Precision_Pinch_2,8,250,250,250,0,0,0
让拇指和食指持续外展，另外三指保持收拢扣在掌心。,Precision_Pinch_2,8,250,250,250,0,0,0
大拇指和食指保持伸展，三指保持贴合掌心以防干扰。,Precision_Pinch_2,8,250,250,250,0,0,0
只让拇指和食指处于张开状态，其他三指紧扣掌心以稳定姿态。,Precision_Pinch_2,8,250,250,250,0,0,0
食指往下压死，大拇指侧摆压在食指侧面。,Precision_Lateral,11,39,188,0,250,250,250
目标是在不改变抓取目标的前提下，让指尖紧贴并稳定地压在目标表面，确保施力方向一致。,Precision_Lateral,11,39,188,0,250,250,250
将食指按下并保持稳定压触，同时拇指沿食指边缘微微贴压以增加夹持力。,Precision_Lateral,11,39,188,0,250,250,250
完成对目标对象的压下抓持，重点在于食指压下并与拇指贴合在其侧面以稳定姿态。,Precision_Lateral,11,39,188,0,250,250,250
将食指朝下压，拇指从侧面贴靠到食指的侧边以形成稳固夹持。,Precision_Lateral,11,39,188,0,250,250,250
用食指向下压，伴随拇指在一侧贴压以增强抓握的稳固性，确保对象不易滑动。,Precision_Lateral,11,39,188,0,250,250,250
把食指往下压，拇指侧面紧贴食指，保持手指成一直线的夹持状态。,Precision_Lateral,11,39,188,0,250,250,250
以食指下压为主，同时让大拇指在食指侧面微贴，形成对目标的稳定夹持。,Precision_Lateral,11,39,188,0,250,250,250
食指向下施力并保持压触，拇指沿食指侧缘贴紧以提高夹持力。,Precision_Lateral,11,39,188,0,250,250,250
让食指向下压并保持触点，拇指从一侧贴在食指的边缘以提供支撑。,Precision_Lateral,11,39,188,0,250,250,250
在执行动作时，食指向下压紧，拇指靠在食指的一侧，形成稳固的侧向夹持。,Precision_Lateral,11,39,188,0,250,250,250
除了食指以外的所有手指全部弯曲一半。,Single_Index,6,125,250,250,125,125,125
只让食指保持伸直，其它四根手指保持半弯曲状态。,Single_Index,6,125,250,250,125,125,125
只有食指需要保持伸展，其它指头都弯曲到大约半个关节的位置。,Single_Index,6,125,250,250,125,125,125
将食指保持直立，其余四根手指都处于半弯曲的姿态。,Single_Index,6,125,250,250,125,125,125
让食指维持伸展，其他手指以中等角度弯曲。,Single_Index,6,125,250,250,125,125,125
食指保持伸直，其余指头以大约半弯曲来握住目标。,Single_Index,6,125,250,250,125,125,125
除食指之外的所有手指都处于半弯曲，食指保持直线。,Single_Index,6,125,250,250,125,125,125
让食指保持伸展，其它三根和拇指都弯曲到半弯的状态。,Single_Index,6,125,250,250,125,125,125
食指保持直，剩下的手指各自维持半弯曲角度。,Single_Index,6,125,250,250,125,125,125
确保只有食指保持伸直，其余手指保持半弯曲的姿态。,Single_Index,6,125,250,250,125,125,125
把食指展直，其余手指以约半弯的弧度弯曲起来。,Single_Index,6,125,250,250,125,125,125
仅仅把小拇指往外侧尽力伸展张开。,Single_Ring,13,250,250,250,250,250,255
把小拇指尽量向外侧伸展并张开。,Single_Ring,13,250,250,250,250,250,255
仅用力让小拇指往外展开，其他指头保持不动。,Single_Ring,13,250,250,250,250,250,255
把小指向外拉伸至边缘，保持尽量伸直的状态。,Single_Ring,13,250,250,250,250,250,255
让小拇指向外伸展到最大限度，尽量张开。,Single_Ring,13,250,250,250,250,250,255
把小拇指向外侧拉开，尽量伸展到可见的程度。,Single_Ring,13,250,250,250,250,250,255
仅对小拇指施力，向外侧打开并保持张开状态。,Single_Ring,13,250,250,250,250,250,255
用力让小指往外侧展开，保持它的伸展性。,Single_Ring,13,250,250,250,250,250,255
让小拇指向外侧尽可能地伸直并展开。,Single_Ring,13,250,250,250,250,250,255
把小拇指往外拉出，尽量抻直并张开。,Single_Ring,13,250,250,250,250,250,255
只聚焦在小拇指的外侧伸展，其他手指保持不变。,Single_Ring,13,250,250,250,250,250,255
中指弯曲到底，大拇指搭在中指侧面。,Single_Middle,10,39,47,250,0,250,250
目标是完成抓取任务，将目标物体稳定地握住，不涉及具体手指细节的动作描述。,Single_Middle,10,39,47,250,0,250,250
用手指控制的方式让手掌更紧实地包裹目标物体，保持稳固抓握。,Single_Middle,10,39,47,250,0,250,250
请让系统完成对目标物体的稳固抓取与持有，确保物体不会滑落。,Single_Middle,10,39,47,250,0,250,250
以确保握取并固定物体为目标，维持物体的姿态稳定。,Single_Middle,10,39,47,250,0,250,250
中指保持弯曲并接触，拇指在侧面贴合实现稳固握持，确保可控的提放。,Single_Middle,10,39,47,250,0,250,250
拇指与中指的接触点保持紧密，使整只手对目标物体形成夹持。,Single_Middle,10,39,47,250,0,250,250
中指弯曲至接近极限，拇指略微贴合目标物体的侧面，完成稳固抓握。,Single_Middle,10,39,47,250,0,250,250
请让拇指与中指形成夹力，确保在取放过程中物体不易滑动。,Single_Middle,10,39,47,250,0,250,250
把手指以自然的夹持姿态围绕物体，保持对目标的稳定控制。,Single_Middle,10,39,47,250,0,250,250
把中指朝内弯并与拇指贴合，让握持更紧凑，便于提取或置放目标物体。,Single_Middle,10,39,47,250,0,250,250
所有手指全部伸直，只把大拇指往回弯曲成直角。,Single_Thumb,2,0,250,255,255,255,255
目标是将手指伸直，保持抓取稳定，不改变抓取目标的状态。,Single_Thumb,2,0,250,255,255,255,255
把食指、中指、无名指和小拇指全部伸直，拇指仅往回弯成直角。,Single_Thumb,2,0,250,255,255,255,255
所有五指保持伸展，大拇指的关节往回弯到直角位置即可。,Single_Thumb,2,0,250,255,255,255,255
指尖都伸直，但大拇指向后弯曲至与掌心成直角的位置。,Single_Thumb,2,0,250,255,255,255,255
五指直立向前，只有拇指向后弯曲成直角来辅助姿态。,Single_Thumb,2,0,250,255,255,255,255
把所有手指拉直，拇指向口袋方向回折至直角角度。,Single_Thumb,2,0,250,255,255,255,255
手指全伸直，大拇指向后回折，角度保持在直角状态。,Single_Thumb,2,0,250,255,255,255,255
维持指尖伸展的同时，将大拇指向后弯折到与掌面成直角。,Single_Thumb,2,0,250,255,255,255,255
五根手指全部伸直，大拇指往回弯折至直角角度。,Single_Thumb,2,0,250,255,255,255,255
所有指节保持伸直，大拇指向后方弯折至直角位置，确保姿态稳定。,Single_Thumb,2,0,250,255,255,255,255
食指和无名指微微弯曲，中指和小拇指伸直。,Extent_Slight,7,250,250,194,255,194,255
目标是抓到一个小物件时，保持指尖的接触感和姿态即可，不需要描述具体手指名称。请以完成任务为重点进行指令表达。,Extent_Slight,7,250,250,194,255,194,255
把需要触及的目标保持稳定接触，确保指尖与目标之间的相对位置不变，其他细节不涉及指名。,Extent_Slight,7,250,250,194,255,194,255
让手指保持当前环节的抓取状态，确保抓取目标的状态符合要求即可，不描述具体手指名称。,Extent_Slight,7,250,250,194,255,194,255
食指和无名指以微微弯曲的角度保持，中指和小拇指保持伸直，按这个分布完成任务抓取。,Extent_Slight,7,250,250,194,255,194,255
维持两根指尖轻微弯曲的同时，让中指和小拇指保持伸直，确保抓取过程顺畅。,Extent_Slight,7,250,250,194,255,194,255
用普通口吻执行：把需要拿取的目标稳稳夹住，保持两根手指微弯，其它两根伸直即可。,Extent_Slight,7,250,250,194,255,194,255
让手的姿态像是在轻轻托起一个物体，前两指微微弯曲，后两指伸直，方便完成取放动作。,Extent_Slight,7,250,250,194,255,194,255
像给对象一个柔和的握合信号一样，食指与无名指轻微弯曲，中指与小拇指完全伸直，继续执行任务。,Extent_Slight,7,250,250,194,255,194,255
把抓取姿态设定为两根手指微弯，其余两根手指伸直，保持稳定的抓握力和位置。,Extent_Slight,7,250,250,194,255,194,255
就这么定：食指和无名指保持微弯，中指和小拇指保持伸直，完成目标上/下的移动与释放。,Extent_Slight,7,250,250,194,255,194,255
比出一个非常标准的“赞”（大拇指伸出，其余四指握拳）。,Gesture_Social,5,250,79,0,0,0,0
将目标放在状态完成：大拇指伸出，其它四指握拳，表达赞同的含义即可。,Gesture_Social,5,250,79,0,0,0,0
大拇指伸直向上，其余四指紧握成拳，表示认可和赞许。,Gesture_Social,5,250,79,0,0,0,0
拇指向上伸展，其他四指聚拢成拳，如同打出一个标准的赞。,Gesture_Social,5,250,79,0,0,0,0
把拇指伸出并保持竖向，其它四指紧握成拳，传达“赞”的信号。,Gesture_Social,5,250,79,0,0,0,0
大拇指朝外伸展，其他四指握拳，显露出一个明确的赞成手势。,Gesture_Social,5,250,79,0,0,0,0
拇指伸出并略微抬高，四指并拢成拳姿，表示赞同。,Gesture_Social,5,250,79,0,0,0,0
将大拇指伸直且突出，剩下的四根手指紧握成紧凑的拳头，传达赞赏。,Gesture_Social,5,250,79,0,0,0,0
大拇指向前上方伸出，其余四指收拳，呈现标准赞的姿态。,Gesture_Social,5,250,79,0,0,0,0
拇指竖立伸出，其他四指紧扣成拳，明确表达“赞”。,Gesture_Social,5,250,79,0,0,0,0
大拇指向前伸展，四指握拳合拢，形成一个典型的赞手势。,Gesture_Social,5,250,79,0,0,0,0
做出“OK”的手势（拇指食指对捏成环，其余三指张开）。,Gesture_Social,5,95,69,117,250,250,250
目标是做出一个闭环的拇指和食指之间的环，其它三指保持自然张开状态以完成手势。,Gesture_Social,5,95,69,117,250,250,250
把拇指和食指捏成环形，剩下的三指保持伸展，形成OK手势的状态。,Gesture_Social,5,95,69,117,250,250,250
让拇指和食指相触成环，其余三根手指保持放松并向外张开。,Gesture_Social,5,95,69,117,250,250,250
以拇指与食指成环为核心，其他三指保持直立或略微张开来完成动作。,Gesture_Social,5,95,69,117,250,250,250
手势重点在于指尖相接成圈，其他三指保持扩展，表达OK的含义。,Gesture_Social,5,95,69,117,250,250,250
拇指和食指轻轻触碰成圆环，另外三指自然张开，呈现OK姿势。,Gesture_Social,5,95,69,117,250,250,250
用拇指和食指夹成环状，其余三指保持完全伸展以体现正确的OK手势。,Gesture_Social,5,95,69,117,250,250,250
把拇指与食指捏成环，其他三指不要弯折，呈现一个清晰的OK形状。,Gesture_Social,5,95,69,117,250,250,250
以拇指和食指环状相连为特征，剩下的三根手指保持伸直，完成OK动作。,Gesture_Social,5,95,69,117,250,250,250
将拇指和食指并拢成圆环，其他三指维持展开，表达‘OK’的手势,Gesture_Social,5,95,69,117,250,250,250
做出“数字6”的手势（大拇指和小指伸出，代表打电话）。,Gesture_Social,5,255,255,35,35,35,255
以完成打电话的状态为目标，请把手势定格为大拇指和小指伸出，其它手指保持自然。,Gesture_Social,5,255,255,35,35,35,255
大拇指和小指伸出，其余三指保持放松，不对抓取动作进行描述。,Gesture_Social,5,255,255,35,35,35,255
做出像打电话一样的手势，重点是拇指与小指张开，其它指头不设定具体角度。,Gesture_Social,5,255,255,35,35,35,255
用一个通话的姿态展现，只需拇指和小指伸出，其他指头略微放松即可。,Gesture_Social,5,255,255,35,35,35,255
以传达‘要打电话’为目的的姿势，拇指和小指张开，剩余手指不涉及具体弯曲。,Gesture_Social,5,255,255,35,35,35,255
模仿拨号的手势，拇指与小指伸长，其它手指保持自然状态，不描述细节。,Gesture_Social,5,255,255,35,35,35,255
完成打电话的姿势，突出大拇指和小指伸展，其它手指不被作为目标。,Gesture_Social,5,255,255,35,35,35,255
做成像拨打电话的手势，只有拇指和小指张开，其他指头不设定角度。,Gesture_Social,5,255,255,35,35,35,255
呈现‘打电话’的任务导向姿态，拇指与小指伸出，其他指头保持非约束状态。,Gesture_Social,5,255,255,35,35,35,255
以数字6的手势表达通信含义，确保大拇指和小指伸出，其它手指未指定具体弯曲。,Gesture_Social,5,255,255,35,35,35,255
单独伸出小拇指，做出准备拉钩的手势。,Gesture_Social,5,52,171,0,0,0,255
聚焦于完成一个钩取任务的准备状态，让小拇指单独伸出，其他指令暂停动作。,Gesture_Social,5,52,171,0,0,0,255
让小拇指伸出并保持准备拉钩的姿态，其他手指不参与弯曲。,Gesture_Social,5,52,171,0,0,0,255
以准备执行抓取为目标，把小拇指独立伸出，手掌其余指尖保持放松。,Gesture_Social,5,52,171,0,0,0,255
只让小拇指直立，其余手指保持自然张角，作出拉钩的准备姿势。,Gesture_Social,5,52,171,0,0,0,255
将小拇指向前伸展，呈现出即将钩取的状态，其他手指保持不动。,Gesture_Social,5,52,171,0,0,0,255
小拇指单独伸出，形成拉钩前的准备位，其他手指保持静止不参与动作。,Gesture_Social,5,52,171,0,0,0,255
以完成钩取任务为目标，保持小拇指伸直，其他四指不参与弯曲或张展。,Gesture_Social,5,52,171,0,0,0,255
让小拇指独立伸出成钩取准备的姿势，剩下的手指保持放松状态。,Gesture_Social,5,52,171,0,0,0,255
把小拇指单独抬起并伸直，像在说“准备好钩取”，其余手指保持不变。,Gesture_Social,5,52,171,0,0,0,255
在不改变其他指的前提下，单独让小拇指伸出，呈现出拉钩动作的前置姿态。,Gesture_Social,5,52,171,0,0,0,255
伸出三根手指，做出童子军的发誓手势。,Gesture_Social,5,0,255,255,255,255,0
以目标完成为主，保持三根手指伸直，其他指头不参与抓取，完成指定的发誓动作。,Gesture_Social,5,0,255,255,255,255,0
让中指、无名指、食指伸直，其余手指自然放松，完成童子军发誓的姿势。,Gesture_Social,5,0,255,255,255,255,0
把拇指和掌心保持放松，三根指定手指伸展成直线，表示誓言的姿态。,Gesture_Social,5,0,255,255,255,255,0
以发誓的标准姿势呈现：三根手指伸直，其它指头保持不动但不接触物体。,Gesture_Social,5,0,255,255,255,255,0
三根指定手指保持伸展，保持手掌朝向前方，完成童子军誓言的手势。,Gesture_Social,5,0,255,255,255,255,0
将三根手指张开成弧形的纵向排列，其他指头轻轻收放，呈现发誓状态。,Gesture_Social,5,0,255,255,255,255,0
用普通动作表达誓言：仅伸出三根手指，其它指头自然放松不参与弯曲。,Gesture_Social,5,0,255,255,255,255,0
三指伸直并保持同一平面，仿佛在进行庄重的誓言手势，其他指头保持静止。,Gesture_Social,5,0,255,255,255,255,0
保持三根手指笔直伸展，手掌朝前，完成童子军发誓的固定姿态。,Gesture_Social,5,0,255,255,255,255,0
只让三根手指伸直并并排，余下手指保持中性状态，呈现官方发誓的手势。,Gesture_Social,5,0,255,255,255,255,0
伸出食指，指向正前方。,Gesture_Social,5,0,255,255,0,0,0
专注完成对前方目标的指向动作，请保持指尖朝直前方。,Gesture_Social,5,0,255,255,0,0,0
将食指伸直并指向正前方，确保指尖在直线上。,Gesture_Social,5,0,255,255,0,0,0
把食指伸出，朝前方准确指向，其他手指保持放松。,Gesture_Social,5,0,255,255,0,0,0
以食指为箭头，指向前方的目标点，指尖直线前伸。,Gesture_Social,5,0,255,255,0,0,0
让食指伸直并指向前方，保持手掌其它指头自然放置。,Gesture_Social,5,0,255,255,0,0,0
把食指伸直向前，指向正前方，避免偏离目标路径。,Gesture_Social,5,0,255,255,0,0,0
用食指做一个前方的指向标，指尖朝直线方向。,Gesture_Social,5,0,255,255,0,0,0
让食指笔直伸出，直指前方的空间点。,Gesture_Social,5,0,255,255,0,0,0
把食指伸出并朝前方指向，手掌保持自然状态。,Gesture_Social,5,0,255,255,0,0,0
将食指伸直对准正前方，确保指向稳定且清晰。,Gesture_Social,5,0,255,255,0,0,0
做出“停止”的手势，手掌立起，五指并拢伸平。,Gesture_Social,5,250,250,250,250,250,250
专注完成停止动作，让手掌立起并将五指并拢伸直，呈现出静止的信号。,Gesture_Social,5,250,250,250,250,250,250
将手掌竖直抬起，五指紧紧并拢并伸直，表示‘停止’的指令意图。,Gesture_Social,5,250,250,250,250,250,250
以停止为目标，手掌直立，五指并拢伸直，传达不可继续的状态。,Gesture_Social,5,250,250,250,250,250,250
用一个明确的停止信号：手掌向上立起，五指并拢伸直，保持不动。,Gesture_Social,5,250,250,250,250,250,250
把手掌抬直竖起，五根手指并拢并全部伸直，示意停止动作。,Gesture_Social,5,250,250,250,250,250,250
把手掌竖起来，五指合并并伸直，传达要立即停止的意思。,Gesture_Social,5,250,250,250,250,250,250
停止的姿势来临，手掌立起，五指紧贴并且伸直，形成清晰的停止信号。,Gesture_Social,5,250,250,250,250,250,250
以停止为核心姿势：手掌向上立起，五指并拢直伸，指令明确。,Gesture_Social,5,250,250,250,250,250,250
让手掌直立上扬，五指并拢且伸直，发出停止的指令。,Gesture_Social,5,250,250,250,250,250,250
做出停止手势：手掌竖立，五指并拢并伸直，维持不动的状态。,Gesture_Social,5,250,250,250,250,250,250
做出“过来”的手势，手掌朝下，四指弯曲向内勾。,Gesture_Social,5,250,250,200,200,200,200
以完成接近目标为导向，请使手掌朝下、四指向内弯勾，形成可接近物体的姿态。,Gesture_Social,5,250,250,200,200,200,200
不聚焦具体指名，只描述需要把手臂向目标移动并保持手掌向下，四指自然向内弯曲并轻微收拢。,Gesture_Social,5,250,250,200,200,200,200
来啦的意思用动作实现即可，保持手掌向下，四指并拢向内弯，完成接近物体的姿态。,Gesture_Social,5,250,250,200,200,200,200
以完成抓取为目标，让手掌朝下，四指向内弯成钩状，准备接近目标物体。,Gesture_Social,5,250,250,200,200,200,200
专注于任务结果：手掌向下，四指弯曲并向内勾，形成可用于靠近的抓取姿态。,Gesture_Social,5,250,250,200,200,200,200
把指尖位置向目标靠拢，手掌朝下，四指向内弯成钩型，达到接近物体的状态。,Gesture_Social,5,250,250,200,200,200,200
为了实现接近目标，手掌保持向下，四指向内弯并微微收拢，指节保持自然角度。,Gesture_Social,5,250,250,200,200,200,200
聚焦任务完成：手掌朝下，四指向内弯曲成抓取的钩形，便于靠近目标。,Gesture_Social,5,250,250,200,200,200,200
以动作目标为核心，手掌朝下，四指向内弯并聚拢，形成接触点准备接近。,Gesture_Social,5,250,250,200,200,200,200
目标导向的指令：手掌向下，四指向内弯勾住，分步执行以靠近目标物体。,Gesture_Social,5,250,250,200,200,200,200
做出数字“3”的手势。,Gesture_Social,5,92,117,255,255,255,0
目标是把手势做成一个数字3，完成以传达“3”的信息为主。,Gesture_Social,5,92,117,255,255,255,0
将食指与中指弯曲成弧形，拇指与无名指自然收回，呈现“3”的形状。,Gesture_Social,5,92,117,255,255,255,0
用手指指示三，保持三个明确的指尖或三根手指处于弯曲的状态来表示数字3。,Gesture_Social,5,92,117,255,255,255,0
把三根手指并拢成三角形的轮廓，其他手指保持放松。,Gesture_Social,5,92,117,255,255,255,0
把中指与拇指相对，形成“3”字造型，食指略微收拢并呈现曲线。,Gesture_Social,5,92,117,255,255,255,0
三根手指伸展成三的形态，其他两指轻轻合拢并贴近掌心。,Gesture_Social,5,92,117,255,255,255,0
用三根手指做出一个3的轮廓，手掌其余部分保持自然放松。,Gesture_Social,5,92,117,255,255,255,0
把手型调整为像写数字3的姿势，三指形成一个曲线形态。,Gesture_Social,5,92,117,255,255,255,0
三根手指呈现可辨识的弯曲形状，拇指与另两指在侧面微贴，整体像数字3。,Gesture_Social,5,92,117,255,255,255,0
让三根手指以流畅的曲线聚拢成3的轮廓，其他手指不参与动作。,Gesture_Social,5,92,117,255,255,255,0
做出数字“4”的手势（大拇指收进掌心，其余四指张开）。,Gesture_Social,5,92,117,255,255,255,255
以完成数字4为目标，确保拇指收进掌心，其他四指保持张开状态以形成数字4的形态。,Gesture_Social,5,92,117,255,255,255,255
将拇指收回到掌心，其余四指全部伸直并并拢，呈现数字4的手势。,Gesture_Social,5,92,117,255,255,255,255
完成一个数字4的姿态：拇指缩回到掌心，其余四指张开并呈对齐状态。,Gesture_Social,5,92,117,255,255,255,255
把拇指收起放在掌心，剩下的四指完全伸直，形成数字4的视觉效果。,Gesture_Social,5,92,117,255,255,255,255
以数字4为任务核心，确保拇指在掌内，其他四指张开呈现清晰的数字4形状。,Gesture_Social,5,92,117,255,255,255,255
目标是数字4：拇指收进掌中，其余四指完全伸直且整齐展开。,Gesture_Social,5,92,117,255,255,255,255
让手势看起来像数字4，拇指收回到掌心，四指保持伸直并分布均匀。,Gesture_Social,5,92,117,255,255,255,255
执行数字4的手势，拇指缩回掌心，其他四指全部伸展且呈现稳定的角度。,Gesture_Social,5,92,117,255,255,255,255
把拇指收进掌心，剩下的四指伸直并呈现出标准的4形，请保持此姿态。,Gesture_Social,5,92,117,255,255,255,255
为了数字4的姿势，拇指缓缓回到掌心，四指保持伸直与对齐，形成清晰的数字4,Gesture_Social,5,92,117,255,255,255,255
拇指朝下，比出一个“倒赞”的嘲讽手势。,Gesture_Social,5,250,79,0,0,0,0
把手指的姿势调整成一个竖起大拇指下压的姿态，表示对方不值得尊重的嘲讽含义。,Gesture_Social,5,250,79,0,0,0,0
大拇指向下压，其他手指保持轻微弯曲，传达一种蔑视的嘲讽情绪。,Gesture_Social,5,250,79,0,0,0,0
用拇指向下的动作做一个讽刺的手势，强调对方的不被认可。,Gesture_Social,5,250,79,0,0,0,0
拇指朝下、指尖微微弯曲，整体表达一种蔑视的口风和嘲弄意味。,Gesture_Social,5,250,79,0,0,0,0
保持大拇指向下，其它指节自然放松，传达对当前对象的嘲讽态度。,Gesture_Social,5,250,79,0,0,0,0
以拇指向下的姿势呈现，像是在对某事发表轻蔑的评论。,Gesture_Social,5,250,79,0,0,0,0
让大拇指朝下，剩余手指自然并拢，表现出讥讽的姿态。,Gesture_Social,5,250,79,0,0,0,0
把拇指朝下竖出，手掌保持平展，营造一种冷嘲热讽的感觉。,Gesture_Social,5,250,79,0,0,0,0
拇指向下并微微贴合掌面，像是在示意对方不值一提的嘲弄。,Gesture_Social,5,250,79,0,0,0,0
以拇指向下为主导的姿态，其他手指随意舒展，表达一种轻蔑的挑衅感。,Gesture_Social,5,250,79,0,0,0,0
所有的手指再稍微往里弯曲大约十度的样子。,Extent_Slight,7,220,250,220,220,220,220
目标是让手指整体向内弯曲，达到大约10度的弧度以实现握持的准备状态。,Extent_Slight,7,220,250,220,220,220,220
把食指、中指和无名指轻轻向内收拢大约10度，保持拇指与小指的相对稳定。,Extent_Slight,7,220,250,220,220,220,220
将所有手指向内微弯约10度，形成一个轻微收拢的姿态以便接触物体。,Extent_Slight,7,220,250,220,220,220,220
使五指略微向内弯曲，角度约为10度，准备进行抓取动作。,Extent_Slight,7,220,250,220,220,220,220
把手指向内收拢，保持大约10度的内弯，确保指尖对准潜在抓取点。,Extent_Slight,7,220,250,220,220,220,220
手指从指尖到掌部向内微弯，角度大约10度，呈现轻度握持迹象。,Extent_Slight,7,220,250,220,220,220,220
让每根手指轻轻往内弯曲大约10度，形成一个微收的姿态以便接触物体。,Extent_Slight,7,220,250,220,220,220,220
五指稍向内收展，内弯角度约10度，保持自然的握持准备。,Extent_Slight,7,220,250,220,220,220,220
把指节向内微弯约10度，指尖朝向内部形成柔和的握持准备。,Extent_Slight,7,220,250,220,220,220,220
让所有手指向内微曲，大约10度的弯度，呈现出随时可以抓握的姿态。,Extent_Slight,7,220,250,220,220,220,220
手掌不要完全张开，保持大概百分之八十的张开度。,Extent_Half,3,200,255,200,200,200,200
目标是保持手掌大致八成开合，完成对目标物体的稳固抓取状态。,Extent_Half,3,200,255,200,200,200,200
让拇指与其他手指以固定的角度保持约80%的张开度，以便精准控制抓握力度。,Extent_Half,3,200,255,200,200,200,200
保持掌心朝向目标物体，手掌大约处于80%的张开范围，不要完全张开。,Extent_Half,3,200,255,200,200,200,200
不要把手掌张得太开，维持大约八成的开度以便稳固握取目标物。,Extent_Half,3,200,255,200,200,200,200
将手指与掌心维持在大致80%的张开程度，确保抓取动作的稳定性。,Extent_Half,3,200,255,200,200,200,200
手指保持一定的弯曲，掌心张开到约80%的程度，以实现需要的抓握姿态。,Extent_Half,3,200,255,200,200,200,200
保持八成开度的手掌姿态，不将掌心完全摊平，专注于抓取目标。,Extent_Half,3,200,255,200,200,200,200
不要把手完全张开，维持约80%的张合度以适应目标物体的握持。,Extent_Half,3,200,255,200,200,200,200
让手掌保持在大致80%张开的位置，避免完全展开以确保控制性。,Extent_Half,3,200,255,200,200,200,200
维持手掌的张开度在约80%，确保在抓取过程中既不紧也不松。,Extent_Half,3,200,255,200,200,200,200
